group,variable,value
2000-02-01,100,0.059276170043989614
2000-02-01,200,0.13854802745860492
2000-02-01,300,0.1389293845286722
2000-02-01,400,0.16835035410163618
2000-02-01,500,0.18387514636588614
2000-02-01,600,0.18143646492840848
2000-02-01,700,0.08574987513614656
2000-02-01,800,0.0
2000-02-01,900,0.0
2000-02-01,1000,0.0
2000-03-01,100,0.6334082809347104
2000-03-01,200,1.586416883906227
2000-03-01,300,2.246629226660905
2000-03-01,400,2.2727095194900406
2000-03-01,500,3.147193169026476
2000-03-01,600,3.3652359117499326
2000-03-01,700,3.666712801102406
2000-03-01,800,3.2460213114959324
2000-03-01,900,7.75513894749533
2000-03-01,1000,15.414738341046634
2000-04-01,100,2.854043064696138
2000-04-01,200,8.421491934809719
2000-04-01,300,11.466183159390043
2000-04-01,400,14.583840994550894
2000-04-01,500,17.60788791908749
2000-04-01,600,18.329514974210028
2000-04-01,700,17.365366678501122
2000-04-01,800,21.5298699022075
2000-04-01,900,22.878594249201285
2000-04-01,1000,9.42257030971876
2000-05-01,100,4.278320344820968
2000-05-01,200,8.692100710592715
2000-05-01,300,10.51684693643311
2000-05-01,400,11.758046987670895
2000-05-01,500,13.950185396786097
2000-05-01,600,15.159733774930174
2000-05-01,700,16.610394690126995
2000-05-01,800,23.40053591775913
2000-05-01,900,35.97190909638918
2000-05-01,1000,20.817016731933073
2000-06-01,100,10.889890893633824
2000-06-01,200,26.61226107668105
2000-06-01,300,38.31527792487431
2000-06-01,400,50.01945093497993
2000-06-01,500,59.15856374764641
2000-06-01,600,67.19381646282575
2000-06-01,700,69.81024906577747
2000-06-01,800,69.6664287592501
2000-06-01,900,81.9786002772922
2000-06-01,1000,75.27661089355645
2000-07-01,100,10.527686632676602
2000-07-01,200,26.044403280313304
2000-07-01,300,37.10563533453397
2000-07-01,400,47.9588079180515
2000-07-01,500,58.0314417958748
2000-07-01,600,61.86324099754607
2000-07-01,700,63.29092375181262
2000-07-01,800,66.88623016916456
2000-07-01,900,79.5131713786244
2000-07-01,1000,58.60804556781773
2000-08-01,100,10.211770864286875
2000-08-01,200,28.224603507293278
2000-08-01,300,36.736359642982464
2000-08-01,400,42.80956919018083
2000-08-01,500,45.549568538830805
2000-08-01,600,45.51762987214584
2000-08-01,700,42.5627027157135
2000-08-01,800,38.12100722487254
2000-08-01,900,41.13882693351017
2000-08-01,1000,43.752224991100036
2000-09-01,100,4.131424805306476
2000-09-01,200,14.261209735506508
2000-09-01,300,24.38101306941079
2000-09-01,400,34.66810038852146
2000-09-01,500,44.09584278465741
2000-09-01,600,47.25122615320514
2000-09-01,700,45.93078330254353
2000-09-01,800,50.865657438363115
2000-09-01,900,73.57718970402075
2000-09-01,1000,81.44606621573513
2000-10-01,100,0.7950472325532548
2000-10-01,200,2.544886842002654
2000-10-01,300,4.2542372339224634
2000-10-01,400,6.249461744037334
2000-10-01,500,9.263523641979276
2000-10-01,600,14.465254030056213
2000-10-01,700,19.34633321498844
2000-10-01,800,33.06518663210744
2000-10-01,900,45.744408945686914
2000-10-01,1000,32.32039871840513
2000-11-01,100,0.47310741950840196
2000-11-01,200,1.568713913448601
2000-11-01,300,1.8504260867897033
2000-11-01,400,2.3236775990806477
2000-11-01,500,2.627384986112955
2000-11-01,600,3.198319432073476
2000-11-01,700,5.249652487348123
2000-11-01,800,5.799293790616423
2000-11-01,900,3.2997166797275312
2000-11-01,1000,2.0647917408330367
2000-12-01,100,0.14874680728763953
2000-12-01,200,0.31295869298446466
2000-12-01,300,0.33392637430671857
2000-12-01,400,0.3259487707259131
2000-12-01,500,0.46366449262656
2000-12-01,600,0.6572954056790161
2000-12-01,700,0.6369560900463941
2000-12-01,800,1.4587481061317484
2000-12-01,900,0.6450057266863587
2000-12-01,1000,0.0
2001-01-01,100,0.4320912295026367
2001-01-01,200,1.3423259418682327
2001-01-01,300,1.5388961903455929
2001-01-01,400,1.825579680922882
2001-01-01,500,1.9699271140324859
2001-01-01,600,1.8693264678045414
2001-01-01,700,2.3109862138270887
2001-01-01,800,1.3587017767927556
2001-01-01,900,4.997287359093376
2001-01-01,1000,2.1715913136347456
2001-02-01,100,0.7987975346723551
2001-02-01,200,2.0315752098095876
2001-02-01,300,2.8459473598541876
2001-02-01,400,2.8587303896632057
2001-02-01,500,2.449008105983075
2001-02-01,600,2.3365000247067953
2001-02-01,700,2.110090804604614
2001-02-01,800,0.3973179069155924
2001-02-01,900,0.0
2001-02-01,1000,0.0
2001-03-01,100,1.3213921075667363
2001-03-01,200,3.205417918444449
2001-03-01,300,4.28355295751657
2001-03-01,400,5.261745208911776
2001-03-01,500,5.547424667530326
2001-03-01,600,7.462189122174442
2001-03-01,700,10.703853027722767
2001-03-01,800,20.265942927262902
2001-03-01,900,35.46253541503406
2001-03-01,1000,48.49839800640797
2001-04-01,100,2.5840248006908255
2001-04-01,200,6.294929293042179
2001-04-01,300,7.619143305757082
2001-04-01,400,9.157947977866531
2001-04-01,500,10.23632787089271
2001-04-01,600,10.036922067210115
2001-04-01,700,9.660177757986759
2001-04-01,800,7.626547963387288
2001-04-01,900,12.486647778648507
2001-04-01,1000,6.906372374510501
2001-05-01,100,8.044851112308123
2001-05-01,200,17.13221230487169
2001-05-01,300,19.946878645052518
2001-05-01,400,21.123947776722627
2001-05-01,500,22.27355430103605
2001-05-01,600,21.103037413668908
2001-05-01,700,21.421374886418995
2001-05-01,800,26.149130385785615
2001-05-01,900,39.93881487732837
2001-05-01,1000,57.78853684585261
2001-06-01,100,19.25187957885978
2001-06-01,200,42.95082167471667
2001-06-01,300,53.662405561839876
2001-06-01,400,58.589241129884826
2001-06-01,500,61.35178863352336
2001-06-01,600,61.4511407564334
2001-06-01,700,58.86184942923666
2001-06-01,800,56.745889836344645
2001-06-01,900,65.04243775996143
2001-06-01,1000,56.67497330010681
2001-07-01,100,18.632035036691615
2001-07-01,200,44.10038720416875
2001-07-01,300,55.37558685112486
2001-07-01,400,62.21217488607662
2001-07-01,500,65.85802014334047
2001-07-01,600,66.27357882160098
2001-07-01,700,65.72464962901878
2001-07-01,800,65.792068918022
2001-07-01,900,77.69310989209718
2001-07-01,1000,74.46386614453543
2001-08-01,100,6.228361697792126
2001-08-01,200,18.62153517151056
2001-08-01,300,28.917477270515136
2001-08-01,400,39.65175937688366
2001-08-01,500,48.24140966608846
2001-08-01,600,51.09903238108787
2001-08-01,700,49.53160409433077
2001-08-01,800,49.13405456844839
2001-08-01,900,65.19060823437219
2001-08-01,1000,45.369882520469915
2001-09-01,100,0.974192901457911
2001-09-01,200,3.1816202459272267
2001-09-01,300,5.566466909237906
2001-09-01,400,9.162646549645219
2001-09-01,500,16.323653151038528
2001-09-01,600,26.71205196786359
2001-09-01,700,34.166475108466
2001-09-01,800,45.84909156931238
2001-09-01,900,60.23280487069746
2001-09-01,1000,58.61124955500178
2001-10-01,100,0.23531629611196042
2001-10-01,200,0.889382982379432
2001-10-01,300,1.802495676582099
2001-10-01,400,3.4404476532040786
2001-10-01,500,6.60455756492432
2001-10-01,600,12.343096101776807
2001-10-01,700,19.256659906968878
2001-10-01,800,28.715913501871917
2001-10-01,900,59.94785701368378
2001-10-01,1000,78.1000355998576
2001-11-01,100,0.6329188077391824
2001-11-01,200,1.771441323032964
2001-11-01,300,2.6363300027793017
2001-11-01,400,3.369106402341158
2001-11-01,500,5.449799330252416
2001-11-01,600,6.242315240789797
2001-11-01,700,7.144011649947935
2001-11-01,800,8.166497627186542
2001-11-01,900,22.4645849659413
2001-11-01,1000,14.204343182627268
2001-12-01,100,0.061639810343448447
2001-12-01,200,0.18562559653215013
2001-12-01,300,0.15196609786384932
2001-12-01,400,0.18447899263871295
2001-12-01,500,0.3721745020731683
2001-12-01,600,0.7189977409132937
2001-12-01,700,0.98487793430055
2001-12-01,800,3.4770794986414186
2001-12-01,900,12.891072397371758
2001-12-01,1000,15.27233891064436
2002-01-01,100,0.3625017733563761
2002-01-01,200,0.7956254900877764
2002-01-01,300,1.112282700712896
2002-01-01,400,1.1405846460595033
2002-01-01,500,1.3528400638070592
2002-01-01,600,1.6341052407517556
2002-01-01,700,2.321312304054009
2002-01-01,800,1.9347006749057731
2002-01-01,900,1.7240339984326971
2002-01-01,1000,0.0
2002-02-01,100,0.10687189237743834
2002-02-01,200,0.25317521102602747
2002-02-01,300,0.3127357622187752
2002-02-01,400,0.43503091859422677
2002-02-01,500,0.554525180588639
2002-02-01,600,1.0337025835691103
2002-02-01,700,1.1431300810561955
2002-02-01,800,1.3973805141304465
2002-02-01,900,4.060401470854181
2002-02-01,1000,0.0
2002-03-01,100,0.63201052725172
2002-03-01,200,1.296957565687647
2002-03-01,300,1.6886865410026939
2002-03-01,400,2.123461515553082
2002-03-01,500,3.0752391349847406
2002-03-01,600,4.022309589905467
2002-03-01,700,4.423721725106955
2002-03-01,800,4.638931670485702
2002-03-01,900,4.103924287178252
2002-03-01,1000,0.0
2002-04-01,100,3.2019279089708412
2002-04-01,200,8.065991471269712
2002-04-01,300,10.74186369345387
2002-04-01,400,12.383856812685252
2002-04-01,500,14.431818953180095
2002-04-01,600,14.858322447567867
2002-04-01,700,18.880476709130377
2002-04-01,800,29.246271740355333
2002-04-01,900,52.14798963168367
2002-04-01,1000,37.70345318618726
2002-05-01,100,10.145117352808692
2002-05-01,200,26.924451849371184
2002-05-01,300,38.694215113945454
2002-05-01,400,47.10887319226656
2002-05-01,500,53.22793269149264
2002-05-01,600,57.53208397264799
2002-05-01,700,58.81261696583827
2002-05-01,800,60.68011469641751
2002-05-01,900,77.20350834890591
2002-05-01,1000,73.21110715557138
2002-06-01,100,19.960301863271912
2002-06-01,200,46.49961705361091
2002-06-01,300,58.070768292520135
2002-06-01,400,64.0815317422127
2002-06-01,500,66.650831810752
2002-06-01,600,65.20893701291266
2002-06-01,700,67.69108983578131
2002-06-01,800,71.3056609443671
2002-06-01,900,88.60702875399362
2002-06-01,1000,97.18298326806692
2002-07-01,100,11.250659205539854
2002-07-01,200,24.99346076586338
2002-07-01,300,33.84357614368993
2002-07-01,400,41.798541411779084
2002-07-01,500,51.742468874270216
2002-07-01,600,61.33401034137202
2002-07-01,700,68.12682256094254
2002-07-01,800,75.61023252319583
2002-07-01,900,80.31683645789381
2002-07-01,1000,60.84158063367747
2002-08-01,100,4.131970363972317
2002-08-01,200,9.212085899615184
2002-08-01,300,13.849263934982504
2002-08-01,400,19.74584749560894
2002-08-01,500,29.349924766522072
2002-08-01,600,38.6946444567488
2002-08-01,700,47.45481733772203
2002-08-01,800,56.18181135194013
2002-08-01,900,72.66007595394541
2002-08-01,1000,78.16055535777858
2002-09-01,100,1.6795884489334973
2002-09-01,200,3.2314230450093717
2002-09-01,300,4.46093179697116
2002-09-01,400,6.205870578367755
2002-09-01,500,10.203504437644037
2002-09-01,600,16.623656172830987
2002-09-01,700,26.540807914262093
2002-09-01,800,42.3846462066288
2002-09-01,900,60.58695521128461
2002-09-01,1000,45.35706657173371
2002-10-01,100,1.813379578054772
2002-10-01,200,4.1647842904291315
2002-10-01,300,6.106254082635953
2002-10-01,400,7.942482041047239
2002-10-01,500,12.119551229473585
2002-10-01,600,16.694290959725517
2002-10-01,700,26.850753094517355
2002-10-01,800,35.92747580231142
2002-10-01,900,57.81976008198205
2002-10-01,1000,69.11000355998577
2002-11-01,100,0.6627891957379295
2002-11-01,200,1.9486730185249472
2002-11-01,300,2.8472573572739948
2002-11-01,400,3.779018709337955
2002-11-01,500,5.174444092475027
2002-11-01,600,6.810742255057647
2002-11-01,700,8.848340062943402
2002-11-01,800,11.4273192842743
2002-11-01,900,29.07209596720719
2002-11-01,1000,5.37557849768601
2002-12-01,100,0.5788777288443688
2002-12-01,200,1.297299201515007
2002-12-01,300,1.4769613177593655
2002-12-01,400,1.6869317799014383
2002-12-01,500,2.304848316863078
2002-12-01,600,2.6673846415046216
2002-12-01,700,2.803882513644756
2002-12-01,800,3.4169515294942543
2002-12-01,900,13.524021942250892
2002-12-01,1000,0.0
2003-01-01,100,1.067372067432082
2003-01-01,200,2.8572187802385534
2003-01-01,300,4.023691193163979
2003-01-01,400,4.5132711218475805
2003-01-01,500,5.051411900465616
2003-01-01,600,6.105062102711831
2003-01-01,700,5.89204241158735
2003-01-01,800,9.52035360554949
2003-01-01,900,20.4871300259208
2003-01-01,1000,5.873976504093983
2003-02-01,100,0.7958780488982962
2003-02-01,200,1.9581541730512948
2003-02-01,300,2.572498725897876
2003-02-01,400,3.160129318131067
2003-02-01,500,3.5801590085019943
2003-02-01,600,3.151569134008333
2003-02-01,700,3.211040973396472
2003-02-01,800,3.5089841353317506
2003-02-01,900,6.541744529507508
2003-02-01,1000,8.627269490922036
2003-03-01,100,0.9364395082869565
2003-03-01,200,2.0517621363087195
2003-03-01,300,2.581048893539162
2003-03-01,400,2.8841775692996015
2003-03-01,500,3.446353014712998
2003-03-01,600,3.0429568568920056
2003-03-01,700,3.167817018792757
2003-03-01,800,3.2618985011832713
2003-03-01,900,9.519983121345472
2003-03-01,1000,8.427554289782842
2003-04-01,100,1.6876770113797026
2003-04-01,200,2.9997024625658915
2003-04-01,300,3.279845089073531
2003-04-01,400,3.380962191729527
2003-04-01,500,3.3056614606608536
2003-04-01,600,3.076128561419176
2003-04-01,700,2.926029449816761
2003-04-01,800,2.3399321337790933
2003-04-01,900,6.266381337030565
2003-04-01,1000,5.871484514061943
2003-05-01,100,6.755365375818242
2003-05-01,200,14.666984394745112
2003-05-01,300,17.447546793492272
2003-05-01,400,18.727408628304524
2003-05-01,500,20.363503560863027
2003-05-01,600,20.224512421175987
2003-05-01,700,18.03002148260027
2003-05-01,800,16.63358501433703
2003-05-01,900,24.43583097233107
2003-05-01,1000,17.797080811676757
2003-06-01,100,16.852823585881303
2003-06-01,200,32.300731273010406
2003-06-01,300,40.007697922983766
2003-06-01,400,46.590965990035556
2003-06-01,500,54.38232112250686
2003-06-01,600,65.44598907580206
2003-06-01,700,75.23199403060497
2003-06-01,800,82.43041208068806
2003-06-01,900,92.7269877629755
2003-06-01,1000,70.1484514061944
2003-07-01,100,9.999715636825849
2003-07-01,200,23.642457071229135
2003-07-01,300,30.28105841820938
2003-07-01,400,35.586714134089725
2003-07-01,500,42.287056730568466
2003-07-01,600,51.57418559480658
2003-07-01,700,63.05124833765579
2003-07-01,800,70.70480698195645
2003-07-01,900,85.55144975586234
2003-07-01,1000,83.29832680669278
2003-08-01,100,6.5420134737515205
2003-08-01,200,15.453022792787381
2003-08-01,300,21.87542550038347
2003-08-01,400,27.639005761902535
2003-08-01,500,34.725037192490646
2003-08-01,600,43.36817665221882
2003-08-01,700,49.82219688171319
2003-08-01,800,58.91997545797168
2003-08-01,900,69.39007776237267
2003-08-01,1000,63.25382698469207
2003-09-01,100,2.366840123133978
2003-09-01,200,6.030356928339326
2003-09-01,300,8.906742826111817
2003-09-01,400,11.2374033458286
2003-09-01,500,15.559746270852035
2003-09-01,600,23.74468772529112
2003-09-01,700,31.71700435067781
2003-09-01,800,41.82262123887149
2003-09-01,900,62.87672554102116
2003-09-01,1000,50.317906728373096
2003-10-01,100,1.5928865733530764
2003-10-01,200,3.265272109895342
2003-10-01,300,5.103441106624571
2003-10-01,400,7.267887429563079
2003-10-01,500,10.776681015708663
2003-10-01,600,17.732792993917165
2003-10-01,700,27.421763017432745
2003-10-01,800,38.404354957865316
2003-10-01,900,56.64898426668275
2003-10-01,1000,25.68565325738697
2003-11-01,100,1.261262937451009
2003-11-01,200,2.8950924570966787
2003-11-01,300,4.273567692322051
2003-11-01,400,5.108285870793291
2003-11-01,500,6.519873941498978
2003-11-01,600,8.520721387330159
2003-11-01,700,11.56662013106189
2003-11-01,800,16.230018907378867
2003-11-01,900,13.984326963650618
2003-11-01,1000,15.806336774652902
2003-12-01,100,0.8014214759584705
2003-12-01,200,1.896962330341642
2003-12-01,300,2.6409484011706263
2003-12-01,400,3.111711668608202
2003-12-01,500,4.415163646957065
2003-12-01,600,4.925847981075903
2003-12-01,700,6.212358813582766
2003-12-01,800,4.731978513203854
2003-12-01,900,1.3593344987642417
2003-12-01,1000,0.42719829120683517
2004-01-01,100,0.8375960676124159
2004-01-01,200,2.1930186667992153
2004-01-01,300,3.203975412137524
2004-01-01,400,3.502415682996849
2004-01-01,500,4.518563012280655
2004-01-01,600,5.445420186327174
2004-01-01,700,5.971064682484749
2004-01-01,800,7.6459436785495045
2004-01-01,900,20.911567906444038
2004-01-01,1000,40.92203631185476
2004-02-01,100,0.575004163921278
2004-02-01,200,1.2781356618637079
2004-02-01,300,1.5848520086746112
2004-02-01,400,1.8367314656868932
2004-02-01,500,1.8008278510943023
2004-02-01,600,1.6974230193713946
2004-02-01,700,1.5541608246430063
2004-02-01,800,2.503825300827664
2004-02-01,900,2.3135210078968
2004-02-01,1000,11.059451762192953
2004-03-01,100,1.2487593661393595
2004-03-01,200,2.8544742888628267
2004-03-01,300,3.5838714652994077
2004-03-01,400,4.455586681912057
2004-03-01,500,4.920919997963671
2004-03-01,600,5.6324061744147
2004-03-01,700,5.190770906421301
2004-03-01,800,3.5183126103452116
2004-03-01,900,2.2993549942733145
2004-03-01,1000,6.402634389462443
2004-04-01,100,4.9427849486276445
2004-04-01,200,12.161713369568847
2004-04-01,300,15.818587036641393
2004-04-01,400,17.82289645664066
2004-04-01,500,19.47636014209542
2004-04-01,600,22.001792825404276
2004-04-01,700,21.92861097237344
2004-04-01,800,25.996857117814216
2004-04-01,900,41.80191693290737
2004-04-01,1000,49.0694197223211
2004-05-01,100,6.656168426724707
2004-05-01,200,10.142710256830489
2004-05-01,300,10.6491499232699
2004-05-01,400,10.259718144279175
2004-05-01,500,10.566756984551812
2004-05-01,600,10.848650059486404
2004-05-01,700,12.357239997352265
2004-05-01,800,13.954609769229785
2004-05-01,900,19.00144674181687
2004-05-01,1000,20.938056247775005
2004-06-01,100,13.154409203527246
2004-06-01,200,32.318596444454464
2004-06-01,300,42.08551802472708
2004-06-01,400,47.81648425363414
2004-06-01,500,52.936399427547535
2004-06-01,600,55.85939940982515
2004-06-01,700,58.03074960434688
2004-06-01,800,62.9825951942701
2004-06-01,900,75.04605461450359
2004-06-01,1000,64.87789248843005
2004-07-01,100,17.20996119100131
2004-07-01,200,39.09834473893656
2004-07-01,300,51.8327336582636
2004-07-01,400,61.812770897758575
2004-07-01,500,71.06497726025786
2004-07-01,600,75.72466382939959
2004-07-01,700,77.20468344756597
2004-07-01,800,75.10431614139202
2004-07-01,900,85.81258665380676
2004-07-01,1000,70.13527945888217
2004-08-01,100,7.464763654754636
2004-08-01,200,18.464614080769785
2004-08-01,300,25.794508459542023
2004-08-01,400,32.848733231069524
2004-08-01,500,42.448467895669275
2004-08-01,600,51.006441501311016
2004-08-01,700,57.683435531137604
2004-08-01,800,62.964664487935494
2004-08-01,900,82.75375248658753
2004-08-01,1000,68.82520469918121
2004-09-01,100,5.31981169594051
2004-09-01,200,15.098616679026676
2004-09-01,300,20.813630299253038
2004-09-01,400,25.660948541265824
2004-09-01,500,30.02327571090026
2004-09-01,600,32.58004553649843
2004-09-01,700,32.85110812908808
2004-09-01,800,38.77051951466881
2004-09-01,900,58.623123756706256
2004-09-01,1000,38.55464578141687
2004-10-01,100,0.9831707808832753
2004-10-01,200,1.9089710324245543
2004-10-01,300,2.6054508829156
2004-10-01,400,3.322604504653239
2004-10-01,500,4.888493944553557
2004-10-01,600,8.009353100447683
2004-10-01,700,13.468910404919924
2004-10-01,800,23.85458848277672
2004-10-01,900,47.548917957682825
2004-10-01,1000,29.151655393378427
2004-11-01,100,0.2761945534299513
2004-11-01,200,0.41868180272205296
2004-11-01,300,0.5063314172636939
2004-11-01,400,0.7334053611758699
2004-11-01,500,1.0713607926101645
2004-11-01,600,1.7747197680856912
2004-11-01,700,3.2376565311317127
2004-11-01,800,6.659617094273935
2004-11-01,900,15.063777201760209
2004-11-01,1000,14.025275898896401
2004-12-01,100,0.6701329932305596
2004-12-01,200,1.494493783393819
2004-12-01,300,1.7899853078423469
2004-12-01,400,2.1386903756416813
2004-12-01,500,2.2609795625145264
2004-12-01,600,2.715575534965181
2004-12-01,700,2.982380657235178
2004-12-01,800,3.82765485894594
2004-12-01,900,5.489661824100309
2004-12-01,1000,0.7561409754360983
2005-01-01,100,0.7017162690621233
2005-01-01,200,1.7745502597497418
2005-01-01,300,2.270331792564153
2005-01-01,400,2.4737882772001654
2005-01-01,500,2.8926678470215297
2005-01-01,600,4.182874526295011
2005-01-01,700,4.103474524765159
2005-01-01,800,3.7306387188059493
2005-01-01,900,6.696545903912233
2005-01-01,1000,0.3253826984692061
2005-02-01,100,0.30406947943201595
2005-02-01,200,0.6768386115393084
2005-02-01,300,0.745209055828093
2005-02-01,400,0.8784478894996091
2005-02-01,500,0.9534775685445002
2005-02-01,600,1.249933798496569
2005-02-01,700,1.1339352874275619
2005-02-01,800,1.03051475652054
2005-02-01,900,2.525408403158721
2005-02-01,1000,0.1317194731221075
2005-03-01,100,1.8950794705173692
2005-03-01,200,4.2471636369720445
2005-03-01,300,5.76886826316254
2005-03-01,400,6.477885857513895
2005-03-01,500,7.312728033804253
2005-03-01,600,8.282867304312846
2005-03-01,700,9.366651422244404
2005-03-01,800,10.131162115122134
2005-03-01,900,16.490505756826817
2005-03-01,1000,11.521537913848345
2005-04-01,100,3.599590531341386
2005-04-01,200,6.992044041623068
2005-04-01,300,9.163852032131128
2005-04-01,400,9.701670961322918
2005-04-01,500,11.59063725018823
2005-04-01,600,12.161567144795749
2005-04-01,700,13.291573645603268
2005-04-01,800,15.302067290234506
2005-04-01,900,17.228223521610715
2005-04-01,1000,31.967604129583485
2005-05-01,100,11.136578675391727
2005-05-01,200,27.439312500983238
2005-05-01,300,36.79508384907635
2005-05-01,400,44.6005623249152
2005-05-01,500,51.49562740761345
2005-05-01,600,57.16021777443888
2005-05-01,700,59.95473309223056
2005-05-01,800,60.03961784556046
2005-05-01,900,66.2457049852312
2005-05-01,1000,43.44143823424706
2005-06-01,100,25.91613075374744
2005-06-01,200,53.38771408629594
2005-06-01,300,64.75105357768832
2005-06-01,400,71.06158819928275
2005-06-01,500,76.53950535402265
2005-06-01,600,79.92572254664896
2005-06-01,700,82.80998429423322
2005-06-01,800,83.44264553047081
2005-06-01,900,95.39345349327871
2005-06-01,1000,92.66536133855466
2005-07-01,100,9.258643110888372
2005-07-01,200,21.738888852281974
2005-07-01,300,29.499572456079125
2005-07-01,400,35.527356096475806
2005-07-01,500,43.97622013994616
2005-07-01,600,53.394164384985224
2005-07-01,700,61.33167149072388
2005-07-01,800,65.29658289821306
2005-07-01,900,82.32895292061008
2005-07-01,1000,79.29191883232467
2005-08-01,100,10.547185681191515
2005-08-01,200,24.94775151417265
2005-08-01,300,33.53584794078896
2005-08-01,400,41.333525364184084
2005-08-01,500,50.30886666138783
2005-08-01,600,56.31406500037415
2005-08-01,700,61.43605165452113
2005-08-01,800,65.07342574158234
2005-08-01,900,80.63921875941892
2005-08-01,1000,63.28052687789249
2005-09-01,100,2.7359031809138177
2005-09-01,200,6.363746609619487
2005-09-01,300,9.1526861344275
2005-09-01,400,12.356113074274226
2005-09-01,500,16.346860982108232
2005-09-01,600,22.247489727680733
2005-09-01,700,29.970474964045174
2005-09-01,800,41.13421734720704
2005-09-01,900,58.37597202965822
2005-09-01,1000,46.023851904592384
2005-10-01,100,0.6177970199741164
2005-10-01,200,0.992484772115256
2005-10-01,300,1.3694029240735053
2005-10-01,400,1.6936505813164764
2005-10-01,500,2.787110468766832
2005-10-01,600,4.98558644395935
2005-10-01,700,10.380311226915211
2005-10-01,800,22.973304283585612
2005-10-01,900,51.31195370426189
2005-10-01,1000,20.208971164115344
2005-11-01,100,0.6784541270050506
2005-11-01,200,1.0301126131035463
2005-11-01,300,1.1351305341705002
2005-11-01,400,1.4265716341793093
2005-11-01,500,1.630242302710125
2005-11-01,600,2.0629414753369426
2005-11-01,700,3.1249240286193913
2005-11-01,800,4.824499455317224
2005-11-01,900,12.259629875218522
2005-11-01,1000,6.458170167319332
2005-12-01,100,0.42212519028359685
2005-12-01,200,0.8344254866410069
2005-12-01,300,1.151718740781902
2005-12-01,400,1.3777853830674012
2005-12-01,500,2.1789326462386396
2005-12-01,600,2.2711917664335077
2005-12-01,700,2.2719173672080406
2005-12-01,800,4.318495423412588
2005-12-01,900,4.103502320814999
2005-12-01,1000,16.233179067283732
2006-01-01,100,0.5455498102486279
2006-01-01,200,1.3749901792372115
2006-01-01,300,1.8210837083376288
2006-01-01,400,2.0637636809775652
2006-01-01,500,2.3996000746678465
2006-01-01,600,2.61942941272616
2006-01-01,700,3.060641709942768
2006-01-01,800,3.6168814094136157
2006-01-01,900,9.497618904093079
2006-01-01,1000,8.873264506941974
2006-02-01,100,1.0513382422580972
2006-02-01,200,1.985814509993429
2006-02-01,300,2.380492055786208
2006-02-01,400,2.6974928256949555
2006-02-01,500,2.7720828643025994
2006-02-01,600,2.845222785480538
2006-02-01,700,2.894317039854128
2006-02-01,800,2.668357061467759
2006-02-01,900,1.5739345349327873
2006-02-01,1000,0.0
2006-03-01,100,2.7544105810651343
2006-03-01,200,6.56926488992407
2006-03-01,300,8.578595225013485
2006-03-01,400,10.125648226172194
2006-03-01,500,11.250006363734231
2006-03-01,600,12.591157252960766
2006-03-01,700,12.731163610761737
2006-03-01,800,13.300627324292833
2006-03-01,900,16.954970160950033
2006-03-01,1000,36.90316838732645
2006-04-01,100,4.531156865246181
2006-04-01,200,10.741993227095488
2006-04-01,300,13.572869761521218
2006-04-01,400,15.85367200414823
2006-04-01,500,18.712596092384697
2006-04-01,600,22.75608071895478
2006-04-01,700,26.227646361497353
2006-04-01,800,30.658577814507307
2006-04-01,900,41.1271927180662
2006-04-01,1000,33.561765752936985
2006-05-01,100,8.716543496294847
2006-05-01,200,17.819735146065284
2006-05-01,300,21.008189083166044
2006-05-01,400,22.23328818981031
2006-05-01,500,23.93738439216474
2006-05-01,600,25.93019003949298
2006-05-01,700,26.088933151202546
2006-05-01,800,26.821682130648696
2006-05-01,900,38.62493218397735
2006-05-01,1000,41.89676041295834
2006-06-01,100,15.9106489580893
2006-06-01,200,33.66905777954094
2006-06-01,300,42.723748696578795
2006-06-01,400,50.196739023241086
2006-06-01,500,57.40850859528419
2006-06-01,600,63.83756621734159
2006-06-01,700,68.91238769775111
2006-06-01,800,75.2770494471782
2006-06-01,900,83.20218216890714
2006-06-01,1000,82.52901388394447
2006-07-01,100,14.49166321238608
2006-07-01,200,34.04826974632423
2006-07-01,300,45.719290227335485
2006-07-01,400,52.73700008104466
2006-07-01,500,60.10512040184933
2006-07-01,600,63.96092780931987
2006-07-01,700,66.35369867794743
2006-07-01,800,67.95013961408901
2006-07-01,900,78.35029236240885
2006-07-01,1000,82.72267710929158
2006-08-01,100,5.608852684490324
2006-08-01,200,13.706588299936545
2006-08-01,300,20.968868902879663
2006-08-01,400,28.306486606825242
2006-08-01,500,37.527878811877315
2006-08-01,600,48.89895686702842
2006-08-01,700,58.508917987014044
2006-08-01,800,68.45789664800961
2006-08-01,900,74.82078485743565
2006-08-01,1000,54.97330010679958
2006-09-01,100,2.6592185102446626
2006-09-01,200,6.79159682309119
2006-09-01,300,10.717451042134234
2006-09-01,400,15.399249712686368
2006-09-01,500,21.560521939327025
2006-09-01,600,31.560306718850928
2006-09-01,700,41.40167648527802
2006-09-01,800,47.351401775540545
2006-09-01,900,62.52625233588524
2006-09-01,1000,31.826272694909218
2006-10-01,100,2.198097727545539
2006-10-01,200,5.7278394169687745
2006-10-01,300,7.890013881850308
2006-10-01,400,10.297121685393162
2006-10-01,500,12.659159817403438
2006-10-01,600,16.381523382117713
2006-10-01,700,19.264461641222486
2006-10-01,800,25.542241087862923
2006-10-01,900,42.62300319488819
2006-10-01,1000,6.407974368102528
2006-11-01,100,0.6231771104014268
2006-11-01,200,1.5389028928039608
2006-11-01,300,2.108623166412391
2006-11-01,400,2.8575752752795403
2006-11-01,500,3.1918460768286976
2006-11-01,600,4.486231987806277
2006-11-01,700,5.224760953418252
2006-11-01,800,9.100133979439775
2006-11-01,900,15.171921152570988
2006-11-01,1000,0.0
2007-01-01,100,0.5470638495957605
2007-01-01,200,1.308100013128192
2007-01-01,300,1.5426381770067892
2007-01-01,400,1.649238727870514
2007-01-01,500,1.662830277798228
2007-01-01,600,1.8771414127464299
2007-01-01,700,1.8571256641854332
2007-01-01,800,1.8991272554249123
2007-01-01,900,2.309964434263669
2007-01-01,1000,0.3253826984692061
2007-02-01,100,0.8762291171073515
2007-02-01,200,1.705088954569089
2007-02-01,300,2.2755732038358167
2007-02-01,400,2.600967542555233
2007-02-01,500,3.4590917961569176
2007-02-01,600,4.395461807750862
2007-02-01,700,3.8638021193758547
2007-02-01,800,5.282796789502014
2007-02-01,900,3.919645548254869
2007-02-01,1000,11.451762192951229
2007-03-01,100,1.3656944409906506
2007-03-01,200,3.0413305853784043
2007-03-01,300,3.5698510100059986
2007-03-01,400,4.05410290184661
2007-03-01,500,4.320867249679039
2007-03-01,600,4.340360617644214
2007-03-01,700,4.214332565094678
2007-03-01,800,4.226362646031323
2007-03-01,900,6.839411658327809
2007-03-01,1000,5.327162691349235
2007-04-01,100,6.0334679980957615
2007-04-01,200,12.755470354982453
2007-04-01,300,15.998999909729422
2007-04-01,400,18.482522914325685
2007-04-01,500,21.72942180526438
2007-04-01,600,25.236912691303484
2007-04-01,700,32.71489821339373
2007-04-01,800,37.63706597548297
2007-04-01,900,55.32105612152633
2007-04-01,1000,40.747597009611965
2007-05-01,100,9.537019451729154
2007-05-01,200,20.250814679798317
2007-05-01,300,25.17905240913799
2007-05-01,400,28.31569871726712
2007-05-01,500,32.22895725267747
2007-05-01,600,35.59493168891778
2007-05-01,700,39.183916933945454
2007-05-01,800,46.38622390844316
2007-05-01,900,60.946530833685
2007-05-01,1000,49.98967604129583
2007-06-01,100,13.580303748888733
2007-06-01,200,29.657862109901576
2007-06-01,300,37.3305639528242
2007-06-01,400,43.55493335390436
2007-06-01,500,50.33444957942857
2007-06-01,600,56.449341595957016
2007-06-01,700,61.70554696385252
2007-06-01,800,68.41139200881496
2007-06-01,900,83.1176683344385
2007-06-01,1000,87.7860448558206
2007-07-01,100,15.699173996092416
2007-07-01,200,36.2370313975505
2007-07-01,300,47.64015799578382
2007-07-01,400,56.25015403152606
2007-07-01,500,63.93998715939966
2007-07-01,600,69.94554118620472
2007-07-01,700,73.08637870755364
2007-07-01,800,70.67637078496915
2007-07-01,900,93.01609500271266
2007-07-01,1000,95.7230331078676
2007-08-01,100,8.801815058206305
2007-08-01,200,23.50967706290612
2007-08-01,300,34.07765342003267
2007-08-01,400,44.0853744748048
2007-08-01,500,53.99261877556173
2007-08-01,600,58.79387449208602
2007-08-01,700,60.10395893634034
2007-08-01,800,60.5619748819853
2007-08-01,900,69.52956778588222
2007-08-01,1000,65.27874688501247
2007-09-01,100,1.7706352041788318
2007-09-01,200,2.957516773863037
2007-09-01,300,4.593074499261992
2007-09-01,400,6.719567911059261
2007-09-01,500,13.234396124061858
2007-09-01,600,24.216229947913195
2007-09-01,700,39.62878728615177
2007-09-01,800,53.42726919850236
2007-09-01,900,60.06667068539395
2007-09-01,1000,48.09327162691349
2007-10-01,100,2.2009024483141424
2007-10-01,200,5.679361850632368
2007-10-01,300,8.703368747570257
2007-10-01,400,11.017956511847718
2007-10-01,500,15.297996696515135
2007-10-01,600,19.63422940816502
2007-10-01,700,21.193999314000962
2007-10-01,800,26.04763156906198
2007-10-01,900,29.57887756947376
2007-10-01,1000,41.93663225347099
2007-11-01,100,1.1171834789199973
2007-11-01,200,2.4523192460088064
2007-11-01,300,3.5376274191061823
2007-11-01,400,4.6431638807547975
2007-11-01,500,6.555041350129907
2007-11-01,600,10.686674936047512
2007-11-01,700,12.900849074202199
2007-11-01,800,16.03069005672211
2007-11-01,900,31.271987461570934
2007-11-01,1000,15.984336062655748
2007-12-01,100,0.6204466335568538
2007-12-01,200,1.2190255674373875
2007-12-01,300,1.958440100847833
2007-12-01,400,2.2744661135527737
2007-12-01,500,2.8536751271333043
2007-12-01,600,3.324927114995516
2007-12-01,700,4.525788146659358
2007-12-01,800,9.83203736398581
2007-12-01,900,10.458978841400933
2007-12-01,1000,0.0
2008-01-01,100,0.387456497980294
2008-01-01,200,0.8541280911326572
2008-01-01,300,1.1473921242358434
2008-01-01,400,1.6065893270555889
2008-01-01,500,2.1161812787428964
2008-01-01,600,2.9583114245423427
2008-01-01,700,2.8873457254439376
2008-01-01,800,2.0890900667392884
2008-01-01,900,10.787509795647722
2008-01-01,1000,0.018155927376290498
2008-02-01,100,0.3306140974362927
2008-02-01,200,0.7764216536289469
2008-02-01,300,1.0044072919162188
2008-02-01,400,1.2162480556876727
2008-02-01,500,1.7608141054287147
2008-02-01,600,2.2702985212674855
2008-02-01,700,2.8571346904880777
2008-02-01,800,1.6327335562150163
2008-02-01,900,0.9470733618662974
2008-02-01,1000,4.540761836952653
2008-03-01,100,1.7248537171070226
2008-03-01,200,3.550895121349283
2008-03-01,300,4.820832797274683
2008-03-01,400,5.541005584192141
2008-03-01,500,6.339819863901028
2008-03-01,600,6.525201550318882
2008-03-01,700,6.494915182842792
2008-03-01,800,8.161877214730213
2008-03-01,900,23.755018385677264
2008-03-01,1000,15.305802776788894
2008-04-01,100,4.976027889238053
2008-04-01,200,14.621717901059007
2008-04-01,300,20.558105813389698
2008-04-01,400,24.907440967601694
2008-04-01,500,28.322473031909574
2008-04-01,600,27.24076568215439
2008-04-01,700,27.185523615816436
2008-04-01,800,35.43985324868833
2008-04-01,900,58.79884260654651
2008-04-01,1000,56.39017443930225
2008-05-01,100,11.834597328685694
2008-05-01,200,27.083754760219946
2008-05-01,300,37.19438890361924
2008-05-01,400,44.89830453033415
2008-05-01,500,52.53365142575994
2008-05-01,600,57.516898804825686
2008-05-01,700,59.277164657812726
2008-05-01,800,62.400272967456665
2008-05-01,900,69.38658146964859
2008-05-01,1000,80.0569597721609
2008-06-01,100,15.498655022118376
2008-06-01,200,31.10355088371785
2008-06-01,300,36.684228427158516
2008-06-01,400,40.99424053914551
2008-06-01,500,46.799265200840075
2008-06-01,600,54.70576124126903
2008-06-01,700,63.53761260312538
2008-06-01,800,70.78809962060014
2008-06-01,900,79.1057929953584
2008-06-01,1000,76.27269490922036
2008-07-01,100,15.429277563682902
2008-07-01,200,33.40704489571381
2008-07-01,300,42.429501454645866
2008-07-01,400,48.77711272178444
2008-07-01,500,56.470476516407814
2008-07-01,600,64.12443475319236
2008-07-01,700,71.25392493726697
2008-07-01,800,75.04978525725289
2008-07-01,900,78.2836216770149
2008-07-01,1000,87.62086151655394
2008-08-01,100,13.924991274102586
2008-08-01,200,32.800270013955846
2008-08-01,300,42.093777121319384
2008-08-01,400,49.20657897691934
2008-08-01,500,54.96450591968764
2008-08-01,600,58.28520367890339
2008-08-01,700,57.307420824281856
2008-08-01,800,56.8818100997958
2008-08-01,900,76.70317680390622
2008-08-01,1000,48.84727661089356
2008-09-01,100,2.7459635009713232
2008-09-01,200,5.9683368468434725
2008-09-01,300,9.331725393834718
2008-09-01,400,13.381042258829881
2008-09-01,500,20.574285989037737
2008-09-01,600,29.982093285203888
2008-09-01,700,39.318532202839
2008-09-01,800,53.11135319234182
2008-09-01,900,67.8729278437519
2008-09-01,1000,57.27661089355642
2008-10-01,100,2.0412445571600246
2008-10-01,200,5.332470457878386
2008-10-01,300,8.214537488458715
2008-10-01,400,10.794778746286156
2008-10-01,500,14.249016449545682
2008-10-01,600,17.386486277600426
2008-10-01,700,19.60628170488801
2008-10-01,800,27.870666015551592
2008-10-01,900,29.032551690879504
2008-10-01,1000,38.37664649341402
2008-11-01,100,0.7914766365105096
2008-11-01,200,1.606003413317066
2008-11-01,300,2.073719162994881
2008-11-01,400,2.495450821713079
2008-11-01,500,3.0988280830170765
2008-11-01,600,3.7300093632365865
2008-11-01,700,4.476197639922726
2008-11-01,800,10.823184703805254
2008-11-01,900,14.319247694255237
2008-11-01,1000,15.895336418654322
2008-12-01,100,0.3029543893634021
2008-12-01,200,0.49679399613051195
2008-12-01,300,0.5310877385521122
2008-12-01,400,0.46671991454302747
2008-12-01,500,0.5276567882658475
2008-12-01,600,0.6237207905663213
2008-12-01,700,0.9433027843134878
2008-12-01,800,1.9433780348847376
2008-12-01,900,2.560130206763519
2008-12-01,1000,7.4172303310786765
2009-01-01,100,0.5583828277918409
2009-01-01,200,1.2741102895744272
2009-01-01,300,1.8278782093338126
2009-01-01,400,2.0946402887884066
2009-01-01,500,2.6841275744840107
2009-01-01,600,2.7458039649949426
2009-01-01,700,3.388714714678567
2009-01-01,800,3.046404467650848
2009-01-01,900,2.666405449394178
2009-01-01,1000,2.3025987896048417
2009-02-01,100,0.9924295349127973
2009-02-01,200,2.0740987327541847
2009-02-01,300,2.8783372770677493
2009-02-01,400,3.8888361075282485
2009-02-01,500,3.692425883710586
2009-02-01,600,4.224356578402247
2009-02-01,700,4.217488762253198
2009-02-01,800,4.298661457746384
2009-02-01,900,3.7779854120200147
2009-02-01,1000,1.3510145959416162
2009-03-01,100,3.317029158898613
2009-03-01,200,7.408277876647464
2009-03-01,300,9.903694576554157
2009-03-01,400,11.800713964190722
2009-03-01,500,15.298819032373245
2009-03-01,600,17.95374637158757
2009-03-01,700,23.00725714732726
2009-03-01,800,28.72392722537341
2009-03-01,900,46.46241485321601
2009-03-01,1000,50.15984336062657
2009-04-01,100,4.4665741330948165
2009-04-01,200,11.162970680651544
2009-04-01,300,14.1226148344596
2009-04-01,400,15.674819189936098
2009-04-01,500,16.63398700666943
2009-04-01,600,18.18373356207176
2009-04-01,700,19.05928174701077
2009-04-01,800,17.2477617920689
2009-04-01,900,28.64994876122733
2009-04-01,1000,29.43574225703097
2009-05-01,100,11.874657918883699
2009-05-01,200,29.562919283214768
2009-05-01,300,38.07617354231811
2009-05-01,400,43.72394719086633
2009-05-01,500,49.149915433045734
2009-05-01,600,51.94173127384393
2009-05-01,700,53.12217702384738
2009-05-01,800,57.454365601091766
2009-05-01,900,64.52643317861236
2009-05-01,1000,56.41545033819865
2009-06-01,100,14.083931503808001
2009-06-01,200,33.402997474227895
2009-06-01,300,42.969070058208594
2009-06-01,400,49.532912948511154
2009-06-01,500,55.2978496235505
2009-06-01,600,59.61513803488633
2009-06-01,700,66.87013557506562
2009-06-01,800,72.55257127831399
2009-06-01,900,86.50756525408406
2009-06-01,1000,88.1448914204343
2009-07-01,100,12.71686524978245
2009-07-01,200,27.74024044268828
2009-07-01,300,35.34018813354276
2009-07-01,400,41.6488471802231
2009-07-01,500,49.95790319204974
2009-07-01,600,60.745938268523666
2009-07-01,700,69.48362628700018
2009-07-01,800,79.69536581395627
2009-07-01,900,82.34649466513957
2009-07-01,1000,92.50053399786404
2009-08-01,100,6.945970191869535
2009-08-01,200,17.803339921059575
2009-08-01,300,26.057986755024324
2009-08-01,400,35.782874135495774
2009-08-01,500,48.22742571401162
2009-08-01,600,56.944665679240515
2009-08-01,700,61.57371179617385
2009-08-01,800,58.784418316366676
2009-08-01,900,65.18940261619147
2009-08-01,1000,52.34816660733358
2009-09-01,100,3.946754941201468
2009-09-01,200,11.35266676162227
2009-09-01,300,17.363964977649626
2009-09-01,400,23.62379106002058
2009-09-01,500,30.883334370386727
2009-09-01,600,36.118820612297604
2009-09-01,700,35.29420029967317
2009-09-01,800,34.881772535466936
2009-09-01,900,49.33106275242632
2009-09-01,1000,15.592737629049482
2009-10-01,100,1.8223979785615627
2009-10-01,200,4.960138600742964
2009-10-01,300,8.307991552898088
2009-10-01,400,11.402344501392136
2009-10-01,500,15.50216084125757
2009-10-01,600,19.83023907295099
2009-10-01,700,22.30838362989748
2009-10-01,800,25.115936040469265
2009-10-01,900,15.828500813792278
2009-10-01,1000,14.27376290494838
2009-11-01,100,1.641376890245824
2009-11-01,200,4.2554143449540085
2009-11-01,300,6.895671108906299
2009-11-01,400,9.883911492656008
2009-11-01,500,13.421219800546625
2009-11-01,600,14.98560925021897
2009-11-01,700,15.900151040130911
2009-11-01,800,13.047280968658809
2009-11-01,900,9.90415335463259
2009-11-01,1000,10.946956212175152
2009-12-01,100,0.6779731516080565
2009-12-01,200,1.5308833212274535
2009-12-01,300,2.255596276280879
2009-12-01,400,3.2302720035620798
2009-12-01,500,6.1072692227194665
2009-12-01,600,11.099005773784771
2009-12-01,700,20.22771857191853
2009-12-01,800,32.565618621889946
2009-12-01,900,42.022846464524704
2009-12-01,1000,32.21787112851548
2010-01-01,100,0.9992849326160302
2010-01-01,200,2.8991436801681525
2010-01-01,300,4.115428329351829
2010-01-01,400,5.578809949020814
2010-01-01,500,7.145989009124284
2010-01-01,600,9.255710117236905
2010-01-01,700,9.495225085900296
2010-01-01,800,13.712031854550903
2010-01-01,900,16.251069986135402
2010-01-01,1000,14.718761124955499
2010-02-01,100,0.8366275869311312
2010-02-01,200,1.5000816073712797
2010-02-01,300,1.935268855113498
2010-02-01,400,2.344932973096529
2010-02-01,500,2.827189265936242
2010-02-01,600,3.717087083168117
2010-02-01,700,4.817530283245372
2010-02-01,800,8.016202747204575
2010-02-01,900,13.531255651335226
2010-02-01,1000,15.996440014239944
2010-03-01,100,1.1444938827479063
2010-03-01,200,2.094516795658768
2010-03-01,300,2.293532536341307
2010-03-01,400,2.802920203370495
2010-03-01,500,3.23332348133026
2010-03-01,600,3.1353475483904667
2010-03-01,700,3.1888332601199845
2010-03-01,800,4.1709803037702
2010-03-01,900,10.168967388028216
2010-03-01,1000,12.700961196155212
2010-04-01,100,4.492752004004484
2010-04-01,200,11.501954015007088
2010-04-01,300,14.727122490801003
2010-04-01,400,16.879345715092306
2010-04-01,500,18.289579597585988
2010-04-01,600,18.31735670383675
2010-04-01,700,17.718960049584453
2010-04-01,800,17.7030665013836
2010-04-01,900,30.512387726806935
2010-04-01,1000,13.880384478462087
2010-05-01,100,8.932316734240539
2010-05-01,200,21.525729638328194
2010-05-01,300,28.45347661089623
2010-05-01,400,33.6921112424957
2010-05-01,500,39.289791722055256
2010-05-01,600,44.15699322274015
2010-05-01,700,47.53932459186055
2010-05-01,800,49.990158145824665
2010-05-01,900,62.705708602085735
2010-05-01,1000,51.69099323602706
2010-06-01,100,14.52786159787595
2010-06-01,200,32.174836189677094
2010-06-01,300,41.13273586173166
2010-06-01,400,48.0898723906191
2010-06-01,500,55.51170997777014
2010-06-01,600,62.586309655790636
2010-06-01,700,68.58036117245642
2010-06-01,800,71.51806218148565
2010-06-01,900,79.84628368195794
2010-06-01,1000,58.16126735493059
2010-07-01,100,18.070689429078485
2010-07-01,200,40.993064387203816
2010-07-01,300,51.92615182749442
2010-07-01,400,59.968761625597814
2010-07-01,500,66.43034044563215
2010-07-01,600,71.56135707380533
2010-07-01,700,76.64478490320784
2010-07-01,800,78.98630154138952
2010-07-01,900,93.263728977033
2010-07-01,1000,93.50266998932004
2010-08-01,100,6.54757291245314
2010-08-01,200,15.303410883990958
2010-08-01,300,21.660584146544206
2010-08-01,400,29.210422197725403
2010-08-01,500,39.669570179259885
2010-08-01,600,50.484045120917784
2010-08-01,700,60.06359030214035
2010-08-01,800,66.42902220051826
2010-08-01,900,72.25191391886192
2010-08-01,1000,64.34603061587754
2010-09-01,100,3.329370735335056
2010-09-01,200,8.937535386426447
2010-09-01,300,14.748071076778572
2010-09-01,400,21.072968468209428
2010-09-01,500,29.827192801344403
2010-09-01,600,36.77113411727761
2010-09-01,700,38.55128745163398
2010-09-01,800,38.21871204437593
2010-09-01,900,51.20308638254266
2010-09-01,1000,40.97543609825561
2010-10-01,100,1.5902340973539912
2010-10-01,200,3.8571774696748986
2010-10-01,300,5.944120400349056
2010-10-01,400,8.134828114488316
2010-10-01,500,12.586989416403338
2010-10-01,600,15.683195714450513
2010-10-01,700,20.23283347675122
2010-10-01,800,23.916719882799256
2010-10-01,900,38.14009283259992
2010-10-01,1000,21.59700961196155
2010-11-01,100,1.304802973621216
2010-11-01,200,3.3530345016705394
2010-11-01,300,4.6124650199415385
2010-11-01,400,5.853865825116003
2010-11-01,500,7.626443153470744
2010-11-01,600,10.827425033924369
2010-11-01,700,13.80363880347329
2010-11-01,800,18.056571879343345
2010-11-01,900,36.063958044487315
2010-11-01,1000,18.52616589533642
2010-12-01,100,0.7542299804836828
2010-12-01,200,2.080853896954808
2010-12-01,300,3.297833564223747
2010-12-01,400,4.45983023821925
2010-12-01,500,5.881198984065287
2010-12-01,600,7.765334992277595
2010-12-01,700,8.557669047604705
2010-12-01,800,6.579429773487088
2010-12-01,900,2.9411658327807593
2010-12-01,1000,0.0
2011-01-01,100,0.5772247728538413
2011-01-01,200,1.3774852865965213
2011-01-01,300,1.8130474463580473
2011-01-01,400,2.153457873476453
2011-01-01,500,2.5206630445235483
2011-01-01,600,2.673660163926342
2011-01-01,700,2.6891882946907226
2011-01-01,800,3.026545459098702
2011-01-01,900,3.027910060883719
2011-01-01,1000,4.832324670701317
2011-02-01,100,1.3673527640118324
2011-02-01,200,2.8378139666201543
2011-02-01,300,3.4432951659461435
2011-02-01,400,3.813817628627394
2011-02-01,500,4.192640836505831
2011-02-01,600,4.385928791255606
2011-02-01,700,3.966115259867247
2011-02-01,800,4.412581545897344
2011-02-01,900,6.884622340104891
2011-02-01,1000,4.106799572801709
2011-03-01,100,3.8716299296399956
2011-03-01,200,9.462897284705177
2011-03-01,300,12.516587851213744
2011-03-01,400,14.28530934705314
2011-03-01,500,16.582488842253166
2011-03-01,600,17.93897931852372
2011-03-01,700,19.090497710327863
2011-03-01,800,25.37495460976919
2011-03-01,900,35.39924046054616
2011-03-01,1000,51.13919544321823
2011-04-01,100,4.369457445082277
2011-04-01,200,9.668070127596806
2011-04-01,300,11.801955471460895
2011-04-01,400,13.883035636694862
2011-04-01,500,15.422521537704638
2011-04-01,600,17.061755549840015
2011-04-01,700,16.257673861632767
2011-04-01,800,19.427770056221256
2011-04-01,900,24.773042377479058
2011-04-01,1000,22.39231043075828
2011-05-01,100,11.354945620350891
2011-05-01,200,27.498899314245836
2011-05-01,300,36.08107839158313
2011-05-01,400,40.925008372871396
2011-05-01,500,45.03968636690248
2011-05-01,600,48.264043271076744
2011-05-01,700,50.15423243331056
2011-05-01,800,50.44464896134624
2011-05-01,900,59.164325758032454
2011-05-01,1000,50.18191527233892
2011-06-01,100,15.9536927228252
2011-06-01,200,31.694537020095442
2011-06-01,300,37.854562209951965
2011-06-01,400,42.212786130035816
2011-06-01,500,47.06937742882576
2011-06-01,600,52.915110033867684
2011-06-01,700,58.79292759100006
2011-06-01,800,64.26584275571904
2011-06-01,900,76.86515160648625
2011-06-01,1000,59.687077251690994
2011-07-01,100,15.517498935091602
2011-07-01,200,38.2539294456138
2011-07-01,300,49.954881499611005
2011-07-01,400,57.80886127984472
2011-07-01,500,64.0810280117442
2011-07-01,600,66.02539983807597
2011-07-01,700,66.17624758546387
2011-07-01,800,64.35237844809222
2011-07-01,900,76.44451142323227
2011-07-01,1000,70.83802064791742
2011-08-01,100,8.21904175961318
2011-08-01,200,18.712488614251882
2011-08-01,300,27.607228584244098
2011-08-01,400,37.325552340938266
2011-08-01,500,50.71558563323463
2011-08-01,600,61.62047596663726
2011-08-01,700,67.87272311515741
2011-08-01,800,71.31885854525862
2011-08-01,900,85.59623847127617
2011-08-01,1000,69.90245639017444
2011-09-01,100,3.5454928302731865
2011-09-01,200,8.524730074749636
2011-09-01,300,12.297486695672282
2011-09-01,400,16.835688640529373
2011-09-01,500,25.65687240854641
2011-09-01,600,35.980983380572084
2011-09-01,700,45.59877182108653
2011-09-01,800,55.521505578302765
2011-09-01,900,65.60027729218159
2011-09-01,1000,49.912780348878606
2011-10-01,100,0.9505780560364457
2011-10-01,200,2.126091752029234
2011-10-01,300,3.234371190576659
2011-10-01,400,4.3189267884013045
2011-10-01,500,6.250944660968616
2011-10-01,600,8.829092424900944
2011-10-01,700,12.407161468519242
2011-10-01,800,25.490389792519654
2011-10-01,900,37.47097474229913
2011-10-01,1000,14.935208259166961
2011-11-01,100,1.0446157680140298
2011-11-01,200,2.7760222337002993
2011-11-01,300,4.254698896062544
2011-11-01,400,5.5774068219123425
2011-11-01,500,6.9705083350775645
2011-11-01,600,9.959729213678237
2011-11-01,700,15.720025153296683
2011-11-01,800,20.3537307639332
2011-11-01,900,36.06763517993853
2011-11-01,1000,30.981132075471695
2011-12-01,100,0.36589606244217904
2011-12-01,200,0.6464228853426828
2011-12-01,300,0.8254678993768731
2011-12-01,400,0.8797231045334774
2011-12-01,500,1.0003676824129157
2011-12-01,600,1.237746386791636
2011-12-01,700,1.5017511027133035
2011-12-01,800,3.535805066175821
2011-12-01,900,4.841461209235036
2011-12-01,1000,5.602349590601637
2012-01-01,100,0.49503540719571815
2012-01-01,200,1.358478372272606
2012-01-01,300,1.7333817622486754
2012-01-01,400,2.0880274298168375
2012-01-01,500,2.85423372156829
2012-01-01,600,3.40189950801832
2012-01-01,700,3.2587840968582373
2012-01-01,800,4.134092132777375
2012-01-01,900,9.833443848333237
2012-01-01,1000,10.749733001067996
2012-02-01,100,0.6754323098465469
2012-02-01,200,0.920605658482818
2012-02-01,300,0.9366637926806786
2012-02-01,400,0.9870711161842174
2012-02-01,500,1.1180656511090028
2012-02-01,600,1.0914531008277475
2012-02-01,700,1.058027090943006
2012-02-01,800,2.1744737863591372
2012-02-01,900,6.35535595876786
2012-02-01,1000,6.249911000355998
2012-03-01,100,1.1100432707901255
2012-03-01,200,2.6576081639812443
2012-03-01,300,3.4116490969690694
2012-03-01,400,3.6288123412694957
2012-03-01,500,3.9978978465124455
2012-03-01,600,3.533699416033076
2012-03-01,700,3.9403842797913042
2012-03-01,800,5.422185492656167
2012-03-01,900,23.25565133522214
2012-03-01,1000,28.586685653257383
2012-04-01,100,4.619346392273027
2012-04-01,200,8.208593763068267
2012-04-01,300,9.579106287490351
2012-04-01,400,10.269670387183217
2012-04-01,500,12.488765888122886
2012-04-01,600,14.031813465069112
2012-04-01,700,17.199995787725385
2012-04-01,800,25.96377546548461
2012-04-01,900,33.590813189462914
2012-04-01,1000,32.93164827340691
2012-05-01,100,12.886700462262276
2012-05-01,200,28.367249897485078
2012-05-01,300,36.556162851943114
2012-05-01,400,42.87922854372686
2012-05-01,500,49.773680868636255
2012-05-01,600,57.5194518388817
2012-05-01,700,62.18313465438283
2012-05-01,800,69.35057536030438
2012-05-01,900,77.32744589788416
2012-05-01,1000,64.01601993592026
2012-06-01,100,15.802635051039507
2012-06-01,200,36.49926604053856
2012-06-01,300,46.862826637516186
2012-06-01,400,54.093206404197375
2012-06-01,500,61.539638992437894
2012-06-01,600,65.528305735648
2012-06-01,700,67.90083403036441
2012-06-01,800,68.95678850030664
2012-06-01,900,91.26607993248541
2012-06-01,1000,98.82520469918121
2012-07-01,100,15.408586944912548
2012-07-01,200,37.83327487339615
2012-07-01,300,47.33928684394563
2012-07-01,400,53.306823962717246
2012-07-01,500,55.86962971552779
2012-07-01,600,55.41599250941104
2012-07-01,700,55.20493016650512
2012-07-01,800,51.88740718480389
2012-07-01,900,68.63210561215264
2012-07-01,1000,49.74724101103595
2012-08-01,100,10.143930702331389
2012-08-01,200,25.305862146396546
2012-08-01,300,34.62243358142606
2012-08-01,400,42.95137290666125
2012-08-01,500,51.99198805880727
2012-08-01,600,56.852190097775825
2012-08-01,700,59.349525517357456
2012-08-01,800,53.75822345767117
2012-08-01,900,63.92356380734221
2012-08-01,1000,51.27020291918832
2012-09-01,100,2.202363890760877
2012-09-01,200,5.502025738255454
2012-09-01,300,8.83964330824488
2012-09-01,400,12.472686866359497
2012-09-01,500,19.147813279557692
2012-09-01,600,27.45785593285855
2012-09-01,700,37.24536800235884
2012-09-01,800,48.55193268472254
2012-09-01,900,62.48875761046478
2012-09-01,1000,35.39088643645426
2012-10-01,100,2.843980866177904
2012-10-01,200,8.26458909167987
2012-10-01,300,12.610418282247656
2012-10-01,400,14.447593641891407
2012-10-01,500,18.82321405338775
2012-10-01,600,21.7002497285423
2012-10-01,700,24.437516924317414
2012-10-01,800,30.76875399120991
2012-10-01,900,34.89065043100852
2012-10-01,1000,40.29903880384478
2012-11-01,100,0.949292204942564
2012-11-01,200,2.0519357420518523
2012-11-01,300,3.2217211503811325
2012-11-01,400,4.459014920797137
2012-11-01,500,6.618076964414092
2012-11-01,600,7.349983592163313
2012-11-01,700,8.115581805380865
2012-11-01,800,14.603295643789968
2012-11-01,900,20.551148351317142
2012-11-01,1000,17.461730153079387
2012-12-01,100,0.35325267998202886
2012-12-01,200,0.6175908997136885
2012-12-01,300,0.7379916310854185
2012-12-01,400,0.8264291733267377
2012-12-01,500,1.1071030585520254
2012-12-01,600,0.9777879702048952
2012-12-01,700,1.2089348361124295
2012-12-01,800,1.2740067365363164
2012-12-01,900,1.0464162999578037
2012-12-01,1000,0.0
2013-01-01,100,0.5714030652543232
2013-01-01,200,1.2166049711561495
2013-01-01,300,1.7715049617130214
2013-01-01,400,1.8594470878522027
2013-01-01,500,2.212462453969022
2013-01-01,600,2.4864929927767663
2013-01-01,700,3.6938187879480737
2013-01-01,800,4.695628764258786
2013-01-01,900,6.929230212791611
2013-01-01,1000,14.17693129227483
2013-02-01,100,0.5114858033988658
2013-02-01,200,0.9664124842044486
2013-02-01,300,1.209500431097943
2013-02-01,400,1.2236015353354928
2013-02-01,500,1.5361559086563965
2013-02-01,600,1.5871306811342913
2013-02-01,700,1.7419199547481325
2013-02-01,800,2.18358939684209
2013-02-01,900,7.044065344505399
2013-02-01,1000,14.593449626201494
2013-03-01,100,1.4765602986788249
2013-03-01,200,3.1886349317059017
2013-03-01,300,4.056835975955321
2013-03-01,400,4.735934798040607
2013-03-01,500,5.416375584756518
2013-03-01,600,6.10083027454939
2013-03-01,700,5.900075820942217
2013-03-01,800,6.02484254285463
2013-03-01,900,13.797516426547714
2013-03-01,1000,17.462086151655395
2013-04-01,100,3.9650172469529745
2013-04-01,200,8.60870988883691
2013-04-01,300,10.978568783394438
2013-04-01,400,12.40700157497871
2013-04-01,500,14.740378034087186
2013-04-01,600,16.107242634528532
2013-04-01,700,17.60014682785633
2013-04-01,800,22.29906214392143
2013-04-01,900,18.43239496051601
2013-04-01,1000,26.684585261658953
2013-05-01,100,10.424632040850913
2013-05-01,200,22.70645575131848
2013-05-01,300,28.72049715930388
2013-05-01,400,32.36943985252088
2013-05-01,500,36.52097062500404
2013-05-01,600,38.8580994530301
2013-05-01,700,40.34372160475621
2013-05-01,800,47.823760690181885
2013-05-01,900,53.01862680089216
2013-05-01,1000,42.6187255250979
2013-06-01,100,15.099974005681455
2013-06-01,200,35.60821948429353
2013-06-01,300,44.838319094901955
2013-06-01,400,50.737780247057096
2013-06-01,500,56.72088591663309
2013-06-01,600,61.70644542905575
2013-06-01,700,64.12737015663627
2013-06-01,800,69.3904060703954
2013-06-01,900,80.82500452106821
2013-06-01,1000,72.624421502314
2013-07-01,100,13.148314135166443
2013-07-01,200,30.24200944719491
2013-07-01,300,38.848910313867556
2013-07-01,400,45.13280593199662
2013-07-01,500,52.35485453918153
2013-07-01,600,59.060736870246735
2013-07-01,700,66.43340995661333
2013-07-01,800,71.33667655860651
2013-07-01,900,77.72511905479537
2013-07-01,1000,84.28017087931649
2013-08-01,100,10.735059036442639
2013-08-01,200,30.490539880915296
2013-08-01,300,41.602143548139566
2013-08-01,400,49.62309047289502
2013-08-01,500,55.29711143039859
2013-08-01,600,54.75530910717333
2013-08-01,700,53.086742768427065
2013-08-01,800,50.8935552133027
2013-08-01,900,68.95888842003738
2013-08-01,1000,66.2623709505162
2013-09-01,100,3.628320156974893
2013-09-01,200,11.018215677638137
2013-09-01,300,18.897023754099354
2013-09-01,400,26.69885689568194
2013-09-01,500,35.90346993206417
2013-09-01,600,42.78335067031421
2013-09-01,700,47.44867644315524
2013-09-01,800,47.64534264928683
2013-09-01,900,69.11815058171078
2013-09-01,1000,51.69099323602706
2013-10-01,100,1.0859364475588267
2013-10-01,200,2.857137933184455
2013-10-01,300,4.420782828300928
2013-10-01,400,6.126044167746566
2013-10-01,500,8.275377864387528
2013-10-01,600,11.334152246986793
2013-10-01,700,11.980900343601235
2013-10-01,800,14.610382780511603
2013-10-01,900,26.064440291759613
2013-10-01,1000,3.0615877536489857
2013-11-01,100,1.2005150381515297
2013-11-01,200,2.6667540186562584
2013-11-01,300,3.814104755724347
2013-11-01,400,5.105465946583641
2013-11-01,500,6.694934609097119
2013-11-01,600,9.718884976629973
2013-11-01,700,14.395869563909205
2013-11-01,800,15.236354757522237
2013-11-01,900,4.279522575200435
2013-11-01,1000,8.035243859024565
2013-12-01,100,0.5041124872376456
2013-12-01,200,1.0965544455489185
2013-12-01,300,1.808656502754752
2013-12-01,400,1.9034341950962255
2013-12-01,500,2.891966422110763
2013-12-01,600,2.5535180555890067
2013-12-01,700,2.0323472599153902
2013-12-01,800,1.6487234388890948
2013-12-01,900,0.05425281813249745
2013-12-01,1000,0.0
2014-01-01,100,0.5909949633995305
2014-01-01,200,1.3552660324270704
2014-01-01,300,1.6777797285185516
2014-01-01,400,2.2713303148688024
2014-01-01,500,2.854415441530051
2014-01-01,600,3.6652408531061726
2014-01-01,700,4.047048098158026
2014-01-01,800,5.386787373376901
2014-01-01,900,7.647778648502021
2014-01-01,1000,1.6425774296902813
2014-02-01,100,1.023815572367874
2014-02-01,200,2.9100311679333775
2014-02-01,300,3.5683988533436706
2014-02-01,400,4.604105294095353
2014-02-01,500,4.681569353388113
2014-02-01,600,4.545276126787629
2014-02-01,700,3.5024371017143894
2014-02-01,800,2.2767739754329264
2014-02-01,900,3.9514135873168983
2014-02-01,1000,0.0
2014-03-01,100,1.8306027372214024
2014-03-01,200,4.122096538985921
2014-03-01,300,5.451670833117312
2014-03-01,400,6.0808038150998085
2014-03-01,500,7.144681615313785
2014-03-01,600,7.111630305464552
2014-03-01,700,7.261467917511612
2014-03-01,800,10.046679939396203
2014-03-01,900,8.279221170655257
2014-03-01,1000,7.582769668921324
2014-04-01,100,3.612848617712287
2014-04-01,200,7.461719806920281
2014-04-01,300,9.600136259634272
2014-04-01,400,11.425934026662581
2014-04-01,500,13.477874710803828
2014-04-01,600,15.536750386756225
2014-04-01,700,16.651918691065728
2014-04-01,800,20.719732541978118
2014-04-01,900,27.599795044909285
2014-04-01,1000,20.67426130295479
2014-05-01,100,9.67786643714855
2014-05-01,200,19.067724994311114
2014-05-01,300,23.547497535314964
2014-05-01,400,26.55970955171268
2014-05-01,500,31.0687311562768
2014-05-01,600,35.48368782285134
2014-05-01,700,40.36148837713086
2014-05-01,800,51.21647070608411
2014-05-01,900,72.4251612514317
2014-05-01,1000,63.715201139195436
2014-06-01,100,12.847374529110088
2014-06-01,200,27.518376104551855
2014-06-01,300,35.41980512811156
2014-06-01,400,43.099774835692344
2014-06-01,500,53.19295690196522
2014-06-01,600,65.14573326559068
2014-06-01,700,71.07689206347277
2014-06-01,800,76.65566031829498
2014-06-01,900,87.41792754234737
2014-06-01,1000,92.57600569597722
2014-07-01,100,16.323745103255305
2014-07-01,200,35.43813299568647
2014-07-01,300,43.83092112792143
2014-07-01,400,50.58298613179343
2014-07-01,500,58.39569557027622
2014-07-01,600,64.1926812179053
2014-07-01,700,69.68109170121724
2014-07-01,800,71.01416175200018
2014-07-01,900,83.46090783049013
2014-07-01,1000,69.67070131719474
2014-08-01,100,5.951559238690254
2014-08-01,200,13.792148813322916
2014-08-01,300,18.379767043649927
2014-08-01,400,21.142358327613557
2014-08-01,500,25.39436837818154
2014-08-01,600,30.142200829387786
2014-08-01,700,37.8377040696589
2014-08-01,800,45.9648147452512
2014-08-01,900,58.57755138947496
2014-08-01,1000,45.248131007475976
2014-09-01,100,1.9356942960808197
2014-09-01,200,3.495310870862291
2014-09-01,300,4.824958969288781
2014-09-01,400,6.639114633629691
2014-09-01,500,9.996895204855802
2014-09-01,600,14.040739581657256
2014-09-01,700,19.72217642209394
2014-09-01,800,33.86371661470263
2014-09-01,900,50.61215263126169
2014-09-01,1000,42.24777500889997
2014-10-01,100,1.6866163966722165
2014-10-01,200,3.8055402788135053
2014-10-01,300,5.58695170068674
2014-10-01,400,7.027938047593198
2014-10-01,500,9.962881046254587
2014-10-01,600,14.424751380095543
2014-10-01,700,19.83928367262196
2014-10-01,800,28.622290672777094
2014-10-01,900,56.3680752305745
2014-10-01,1000,43.10181559273763
2014-11-01,100,0.9585594567706204
2014-11-01,200,2.1945499454853445
2014-11-01,300,3.1195946613519125
2014-11-01,400,3.5686682790749327
2014-11-01,500,4.902151224948166
2014-11-01,600,7.410919383673549
2014-11-01,700,8.107593527539235
2014-11-01,800,11.863754179031572
2014-11-01,900,13.413285912351563
2014-11-01,1000,0.8721965112139551
2014-12-01,100,0.28519363262639236
2014-12-01,200,0.5516620278874395
2014-12-01,300,0.7222570907253425
2014-12-01,400,1.0343248634709707
2014-12-01,500,0.9482083967349931
2014-12-01,600,1.6048004642340943
2014-12-01,700,3.628937724529271
2014-12-01,800,4.753064623167167
2014-12-01,900,7.733437820242332
2014-12-01,1000,2.4207903168387324
2015-01-01,100,0.4030411921391577
2015-01-01,200,0.8928011147263114
2015-01-01,300,1.2910131191657404
2015-01-01,400,1.5241646413921832
2015-01-01,500,1.9008565586057755
2015-01-01,600,2.084914039406697
2015-01-01,700,2.569165548408057
2015-01-01,800,1.9905838748857392
2015-01-01,900,1.8996322864548805
2015-01-01,1000,7.954076183695266
2015-02-01,100,1.1044830270339054
2015-02-01,200,2.4827070939109173
2015-02-01,300,3.5262276694486037
2015-02-01,400,4.243117402779596
2015-02-01,500,5.020105157170162
2015-02-01,600,5.429273354560079
2015-02-01,700,6.069132451965015
2015-02-01,800,10.237544294604497
2015-02-01,900,25.115618783531257
2015-02-01,1000,18.451050195799215
2015-03-01,100,1.3498960495612995
2015-03-01,200,2.7561472906607216
2015-03-01,300,3.606872830738928
2015-03-01,400,3.9561061416348777
2015-03-01,500,4.39623719475295
2015-03-01,600,4.686065502111506
2015-03-01,700,4.252913991370847
2015-03-01,800,5.779647646594785
2015-03-01,900,3.938573753692207
2015-03-01,1000,0.7319330722677109
2015-04-01,100,2.9450737188495104
2015-04-01,200,5.709455709246835
2015-04-01,300,6.604422005398016
2015-04-01,400,7.191720183060882
2015-04-01,500,8.067756090800692
2015-04-01,600,9.187212783668738
2015-04-01,700,9.633038674698055
2015-04-01,800,12.82421146212888
2015-04-01,900,16.60871661944663
2015-04-01,1000,11.769312922748307
2015-05-01,100,9.44640438464932
2015-05-01,200,20.318705676680523
2015-05-01,300,24.707610068571352
2015-05-01,400,27.82402813675128
2015-05-01,500,30.910528020228583
2015-05-01,600,34.1768638098872
2015-05-01,700,39.911482058719024
2015-05-01,800,48.55298448593207
2015-05-01,900,65.46066670685394
2015-05-01,1000,58.960840156639364
2015-06-01,100,15.919497402625428
2015-06-01,200,35.32478289144695
2015-06-01,300,43.89982713436256
2015-06-01,400,49.24835447462904
2015-06-01,500,53.095859047533615
2015-06-01,600,55.913223449396504
2015-06-01,700,56.48931285766715
2015-06-01,800,61.151146338103906
2015-06-01,900,72.2248477907047
2015-06-01,1000,84.63082947668208
2015-07-01,100,13.058640803065177
2015-07-01,200,31.837964762850753
2015-07-01,300,41.551426105982515
2015-07-01,400,49.7168876160618
2015-07-01,500,57.847717964963394
2015-07-01,600,62.89311466353846
2015-07-01,700,68.14177312689156
2015-07-01,800,70.38346919098944
2015-07-01,900,73.97468201820486
2015-07-01,1000,65.62264150943396
2015-08-01,100,10.941664849330419
2015-08-01,200,25.723441235850952
2015-08-01,300,35.40679720202297
2015-08-01,400,43.91812553154395
2015-08-01,500,53.449797916089956
2015-08-01,600,60.01753421255728
2015-08-01,700,63.87939656158028
2015-08-01,800,63.335699886054755
2015-08-01,900,71.16770148893846
2015-08-01,1000,50.91100035599857
2015-09-01,100,5.213841464712741
2015-09-01,200,12.84164469772631
2015-09-01,300,19.13042079846648
2015-09-01,400,25.667156182596536
2015-09-01,500,35.31410684285302
2015-09-01,600,42.10912161691334
2015-09-01,700,45.441353102941854
2015-09-01,800,48.53391432828712
2015-09-01,900,49.94821869913799
2015-09-01,1000,47.92808828764685
2015-10-01,100,1.179483434033732
2015-10-01,200,2.422792077090165
2015-10-01,300,3.7927755383749426
2015-10-01,400,4.978979945144379
2015-10-01,500,8.295919997963718
2015-10-01,600,12.37885378273497
2015-10-01,700,19.829866230194753
2015-10-01,800,34.61065825225695
2015-10-01,900,63.844836940141086
2015-10-01,1000,43.95443218227127
2015-11-01,100,0.6173950293782273
2015-11-01,200,1.4314845293206728
2015-11-01,300,2.375936918257805
2015-11-01,400,3.1447486234806235
2015-11-01,500,4.985798973883306
2015-11-01,600,7.850854664576984
2015-11-01,700,12.325813420306748
2015-11-01,800,13.770669771984501
2015-11-01,900,23.8520706492254
2015-11-01,1000,0.3171947312210751
2015-12-01,100,0.33664511923126755
2015-12-01,200,0.48312070642586435
2015-12-01,300,0.6278089777826643
2015-12-01,400,0.7433151294597294
2015-12-01,500,1.0789937380856904
2015-12-01,600,1.3014125943767447
2015-12-01,700,2.3955446170139756
2015-12-01,800,5.308077582860641
2015-12-01,900,13.611368979444217
2015-12-01,1000,18.097543609825557
2016-01-01,100,0.28152168915482145
2016-01-01,200,0.45449197890780696
2016-01-01,300,0.5436229851593049
2016-01-01,400,0.6140741362761714
2016-01-01,500,0.7313867849284253
2016-01-01,600,0.9804436324289869
2016-01-01,700,0.9690999572754989
2016-01-01,800,0.8162853887281959
2016-01-01,900,3.2011573934534945
2016-01-01,1000,0.0
2016-02-01,100,0.7734782992166053
2016-02-01,200,1.5729308856529265
2016-02-01,300,1.819134705122698
2016-02-01,400,2.2890295379250016
2016-02-01,500,2.7237708094104445
2016-02-01,600,3.1336003355054394
2016-02-01,700,3.2854417773391584
2016-02-01,800,2.799982469979836
2016-02-01,900,8.812888058351922
2016-02-01,1000,7.068351726593093
2016-03-01,100,1.7400781046080678
2016-03-01,200,3.59526114612244
2016-03-01,300,4.469223945587273
2016-03-01,400,4.971958939247728
2016-03-01,500,5.12948431127434
2016-03-01,600,5.138019681802028
2016-03-01,700,4.920048019930067
2016-03-01,800,4.3310669521555605
2016-03-01,900,4.390258605099767
2016-03-01,1000,0.0
2016-04-01,100,3.9101825631256464
2016-04-01,200,6.687563898318481
2016-04-01,300,7.417319829153276
2016-04-01,400,7.985864251114037
2016-04-01,500,9.121733283177798
2016-04-01,600,9.681894490641254
2016-04-01,700,10.421197369133635
2016-04-01,800,13.257240524398009
2016-04-01,900,23.28488757610466
2016-04-01,1000,25.399786400854392
2016-05-01,100,8.025850482039852
2016-05-01,200,10.937008233221192
2016-05-01,300,10.288749233228923
2016-05-01,400,9.194212027445625
2016-05-01,500,8.287944117930016
2016-05-01,600,7.4465731694492785
2016-05-01,700,6.426468729878852
2016-05-01,800,6.290985813205104
2016-05-01,900,7.48128277774429
2016-05-01,1000,6.229263082947669
2016-06-01,100,10.268516300477119
2016-06-01,200,22.96224746700449
2016-06-01,300,27.440358866792785
2016-06-01,400,29.523220923682082
2016-06-01,500,31.505728067744517
2016-06-01,600,32.81691768334034
2016-06-01,700,33.15815887496156
2016-06-01,800,34.82456206253204
2016-06-01,900,45.093495689915024
2016-06-01,1000,30.244571021715917
2016-07-01,100,10.303779391425191
2016-07-01,200,18.752310223579684
2016-07-01,300,21.614232414724754
2016-07-01,400,23.948121889466854
2016-07-01,500,27.19137798883417
2016-07-01,600,30.866028429269793
2016-07-01,700,33.70150919780233
2016-07-01,800,39.283410340207546
2016-07-01,900,49.090963891735505
2016-07-01,1000,49.25845496618014
2016-08-01,100,5.351113381563838
2016-08-01,200,9.405430235582116
2016-08-01,300,11.137649951346367
2016-08-01,400,13.15355307521159
2016-08-01,500,18.533051820593837
2016-08-01,600,27.245418159104233
2016-08-01,700,39.67481240334325
2016-08-01,800,50.58319872782133
2016-08-01,900,66.0689010790283
2016-08-01,1000,67.33285866856534
2016-09-01,100,1.6824351219916998
2016-09-01,200,2.896440752795153
2016-09-01,300,4.119515762972346
2016-09-01,400,5.720196242509692
2016-09-01,500,9.002027909923578
2016-09-01,600,13.416081200420207
2016-09-01,700,17.99122944259568
2016-09-01,800,24.30190451147586
2016-09-01,900,38.84170233287119
2016-09-01,1000,35.25667497330011
2016-10-01,100,1.462230863539123
2016-10-01,200,3.601450380944353
2016-10-01,300,5.476133950968043
2016-10-01,400,7.351437448554593
2016-10-01,500,9.417272164178808
2016-10-01,600,11.27523100840417
2016-10-01,700,13.148028354625344
2016-10-01,800,15.704932196386286
2016-10-01,900,27.019531014527704
2016-10-01,1000,20.280526877892495
2016-11-01,100,0.5261039847876848
2016-11-01,200,1.0168369692543338
2016-11-01,300,1.2909224926486333
2016-11-01,400,1.40493203572558
2016-11-01,500,1.7297590831697853
2016-11-01,600,1.7369348640556987
2016-11-01,700,1.9871405274971226
2016-11-01,800,2.8550517761666807
2016-11-01,900,2.337753933329315
2016-11-01,1000,9.94126023495906
2016-12-01,100,0.40386690980507955
2016-12-01,200,0.7719849497760152
2016-12-01,300,0.9910656470058403
2016-12-01,400,1.202276346714004
2016-12-01,500,1.507748906851924
2016-12-01,600,2.2315633564225723
2016-12-01,700,2.3668530096701756
2016-12-01,800,2.0320548940059826
2016-12-01,900,1.1488335644101517
2016-12-01,1000,0.3702385190459238
2017-01-01,100,0.7872946462259087
2017-01-01,200,1.996316263538156
2017-01-01,300,2.733447866296482
2017-01-01,400,3.247338013027571
2017-01-01,500,4.2960698992550785
2017-01-01,600,4.9403324899240975
2017-01-01,700,5.691586282426979
2017-01-01,800,5.6339857005121186
2017-01-01,900,12.221954307070956
2017-01-01,1000,0.0
2017-02-01,100,0.8161252614862012
2017-02-01,200,1.9657173009148372
2017-02-01,300,2.4813103243861496
2017-02-01,400,2.9105323388088773
2017-02-01,500,3.2263375154851284
2017-02-01,600,3.3936145007266547
2017-02-01,700,3.242247910410933
2017-02-01,800,2.8309229555613946
2017-02-01,900,5.857134245584425
2017-02-01,1000,12.661445354218586
2017-03-01,100,0.6493432632941747
2017-03-01,200,1.2948672004769197
2017-03-01,300,1.4907720881700552
2017-03-01,400,1.69004463252622
2017-03-01,500,1.7481969420136783
2017-03-01,600,1.6019471477604978
2017-03-01,700,1.2452566779595726
2017-03-01,800,1.1779422260621302
2017-03-01,900,2.5387304840557006
2017-03-01,1000,0.0
2017-04-01,100,2.9845060981096605
2017-04-01,200,5.702891638083182
2017-04-01,300,6.769738988522988
2017-04-01,400,7.159335482126152
2017-04-01,500,7.858123377247922
2017-04-01,600,8.730136064678609
2017-04-01,700,8.65611291302855
2017-04-01,800,10.850043198978232
2017-04-01,900,19.595454819458688
2017-04-01,1000,20.15450338198647
2017-05-01,100,8.657700982327563
2017-05-01,200,17.393542930800194
2017-05-01,300,20.09014815125536
2017-05-01,400,21.128574581039615
2017-05-01,500,22.320259866616446
2017-05-01,600,22.429420328232904
2017-05-01,700,22.94494256262743
2017-05-01,800,24.564641949338203
2017-05-01,900,30.9026463319067
2017-05-01,1000,33.688145247419
2017-06-01,100,20.12985700620222
2017-06-01,200,43.89608948628602
2017-06-01,300,54.11973966378103
2017-06-01,400,60.92662143201116
2017-06-01,500,66.4735438362296
2017-06-01,600,70.3485607349703
2017-06-01,700,72.54638316052957
2017-06-01,800,74.9269123373777
2017-06-01,900,76.32551690879501
2017-06-01,1000,83.08365966536135
2017-07-01,100,15.381840437105234
2017-07-01,200,36.690374537285194
2017-07-01,300,46.13727429554906
2017-07-01,400,52.59967231074743
2017-07-01,500,57.86660199227391
2017-07-01,600,60.704932613838466
2017-07-01,700,63.07614288035313
2017-07-01,800,62.07959881296709
2017-07-01,900,81.3415516305986
2017-07-01,1000,83.58170167319331
2017-08-01,100,7.146268312532177
2017-08-01,200,19.649547535280814
2017-08-01,300,28.00090768676434
2017-08-01,400,34.77653174709422
2017-08-01,500,41.1050716132213
2017-08-01,600,48.82405477556777
2017-08-01,700,54.48903605105259
2017-08-01,800,59.67032292801414
2017-08-01,900,75.12056181807223
2017-08-01,1000,54.69918120327518
2017-09-01,100,4.305143601166628
2017-09-01,200,12.818398255123402
2017-09-01,300,19.671866970224713
2017-09-01,400,25.990139541333267
2017-09-01,500,34.28187594395434
2017-09-01,600,41.19117093671667
2017-09-01,700,43.35591313086325
2017-09-01,800,42.04582848127413
2017-09-01,900,30.918922177346445
2017-09-01,1000,0.9255962976148094
2017-10-01,100,1.3422706618604232
2017-10-01,200,2.751515945624248
2017-10-01,300,3.469725767713333
2017-10-01,400,4.740553790933183
2017-10-01,500,6.793192784374165
2017-10-01,600,8.861030057383141
2017-10-01,700,13.069716152869432
2017-10-01,800,22.157983045966184
2017-10-01,900,37.31243595153416
2017-10-01,1000,29.968316126735495
2017-11-01,100,0.4720952869778094
2017-11-01,200,0.7679666737798845
2017-11-01,300,0.8194563404088634
2017-11-01,400,1.0270621916318394
2017-11-01,500,1.2081273369045842
2017-11-01,600,1.4027876851266534
2017-11-01,700,3.605487390255198
2017-11-01,800,8.113920088150946
2017-11-01,900,15.966905780939182
2017-11-01,1000,16.254182983268066
2017-12-01,100,0.5619819585475563
2017-12-01,200,1.0843255049393148
2017-12-01,300,1.298904734116058
2017-12-01,400,1.334716118190787
2017-12-01,500,1.7906720386010226
2017-12-01,600,1.7142743111559458
2017-12-01,700,2.281792142302666
2017-12-01,800,5.712182111866563
2017-12-01,900,23.850322502863353
2017-12-01,1000,4.8529725881096475
2018-01-01,100,0.41610400804481845
2018-01-01,200,1.2704083055015527
2018-01-01,300,1.8742114604517195
2018-01-01,400,2.007384725345479
2018-01-01,500,2.512257258899364
2018-01-01,600,2.939094616835853
2018-01-01,700,2.7106197459396624
2018-01-01,800,4.314976897937712
2018-01-01,900,4.623184037615289
2018-01-01,1000,7.321466714133144
2018-02-01,100,0.7881811007887168
2018-02-01,200,1.774758840080539
2018-02-01,300,2.160551805315834
2018-02-01,400,2.3952981083659917
2018-02-01,500,2.5753946929286538
2018-02-01,600,2.782663948498415
2018-02-01,700,2.6620732815424097
2018-02-01,800,2.8403140377897107
2018-02-01,900,2.467840135029237
2018-02-01,1000,0.0
2018-03-01,100,2.2576132671566365
2018-03-01,200,4.6303725908720095
2018-03-01,300,6.179594391249446
2018-03-01,400,7.386129937186541
2018-03-01,500,8.7611994648808
2018-03-01,600,10.359384839158917
2018-03-01,700,12.832739603203711
2018-03-01,800,16.903922968082817
2018-03-01,900,19.096087769003564
2018-03-01,1000,30.69063723745106
2018-04-01,100,5.153602449369649
2018-04-01,200,12.28662967132554
2018-04-01,300,16.084608916370396
2018-04-01,400,19.178234247042578
2018-04-01,500,22.461818302665147
2018-04-01,600,26.50729356850827
2018-04-01,700,31.961963160650093
2018-04-01,800,43.59503149142902
2018-04-01,900,65.90101874736271
2018-04-01,1000,62.728373086507666
2018-05-01,100,9.230546258168824
2018-05-01,200,17.582469063964204
2018-05-01,300,20.53022696433938
2018-05-01,400,22.42917039743606
2018-05-01,500,24.648168941584103
2018-05-01,600,26.266468336676283
2018-05-01,700,27.48192934210281
2018-05-01,800,30.57781450734378
2018-05-01,900,36.42636686961241
2018-05-01,1000,32.280170879316486
2018-06-01,100,17.764491832542085
2018-06-01,200,35.90580177721736
2018-06-01,300,42.48661819510498
2018-06-01,400,47.019038882342365
2018-06-01,500,53.927937782479795
2018-06-01,600,62.10831326171348
2018-06-01,700,69.40602114561825
2018-06-01,800,77.82985863290872
2018-06-01,900,89.08385074446925
2018-06-01,1000,95.71306514773943
2018-07-01,100,16.827948830014158
2018-07-01,200,35.5736605366535
2018-07-01,300,45.93024707987308
2018-07-01,400,53.77560951080091
2018-07-01,500,61.116271078102336
2018-07-01,600,69.21647701572529
2018-07-01,700,73.46604605821351
2018-07-01,800,76.85922141667595
2018-07-01,900,91.09373681355115
2018-07-01,1000,95.560697757209
2018-08-01,100,10.085347684296206
2018-08-01,200,25.340550601386475
2018-08-01,300,33.03293971808513
2018-08-01,400,38.9131081560066
2018-08-01,500,45.1924216412218
2018-08-01,600,49.373491777710214
2018-08-01,700,51.585223340815
2018-08-01,800,47.579079173083834
2018-08-01,900,62.426909397793736
2018-08-01,1000,44.44108223567106
2018-09-01,100,3.040339496890957
2018-09-01,200,6.6464624218333155
2018-09-01,300,10.333835747789934
2018-09-01,400,14.442671956303194
2018-09-01,500,21.9754635626732
2018-09-01,600,30.296800661888497
2018-09-01,700,39.84425415661229
2018-09-01,800,55.166109462454386
2018-09-01,900,67.06118512267166
2018-09-01,1000,74.8497686009256
2018-10-01,100,0.7104561206780367
2018-10-01,200,1.5075869511334623
2018-10-01,300,2.3404809815812135
2018-10-01,400,3.5131720144004306
2018-10-01,500,6.093879926237338
2018-10-01,600,10.686448140466347
2018-10-01,700,17.85416202814999
2018-10-01,800,28.360354607264895
2018-10-01,900,48.714389052986924
2018-10-01,1000,36.221431114275546
2018-11-01,100,0.5843419922024162
2018-11-01,200,1.2106418039588656
2018-11-01,300,1.6239116821490478
2018-11-01,400,2.135671260109739
2018-11-01,500,3.408219398924151
2018-11-01,600,4.621546593821811
2018-11-01,700,6.735198368044469
2018-11-01,800,10.007037050949737
2018-11-01,900,14.008318765446989
2018-11-01,1000,4.697757208971165
2018-12-01,100,0.7295623919996852
2018-12-01,200,1.774869339502445
2018-12-01,300,2.6273014692869396
2018-12-01,400,2.9184702106448883
2018-12-01,500,3.8337446191093556
2018-12-01,600,3.675261670153091
2018-12-01,700,3.6624824739290243
2018-12-01,800,4.018857293114452
2018-12-01,900,4.172343118934235
2018-12-01,1000,7.359558561765754
2019-01-01,100,1.057197787423718
2019-01-01,200,2.7211199876728327
2019-01-01,300,3.603800058711885
2019-01-01,400,4.395359135119182
2019-01-01,500,4.980806270965038
2019-01-01,600,5.636401070880623
2019-01-01,700,6.616168515052853
2019-01-01,800,9.151634674379864
2019-01-01,900,16.355838206040154
2019-01-01,1000,20.445354218583127
2019-02-01,100,0.7261443985284987
2019-02-01,200,1.3859113743949032
2019-02-01,300,1.490734060572683
2019-02-01,400,1.7116432210018342
2019-02-01,500,1.6831638223132541
2019-02-01,600,2.15443765465496
2019-02-01,700,2.04313970911235
2019-02-01,800,1.9487622553623052
2019-02-01,900,4.431370185062392
2019-02-01,1000,5.55500177999288
2019-03-01,100,1.1229806770795354
2019-03-01,200,2.4814515569014635
2019-03-01,300,3.3284830969107766
2019-03-01,400,4.059772531321463
2019-03-01,500,4.641104489685159
2019-03-01,600,4.144274931993026
2019-03-01,700,4.745082169441745
2019-03-01,800,4.774388640546929
2019-03-01,900,9.278377237928751
2019-03-01,1000,11.185475258098968
2019-04-01,100,3.2160877459419255
2019-04-01,200,6.817267663560953
2019-04-01,300,8.416739819443821
2019-04-01,400,9.512832705653038
2019-04-01,500,10.387254430573211
2019-04-01,600,9.721659738209546
2019-04-01,700,11.116078252026384
2019-04-01,800,12.143182700374373
2019-04-01,900,18.501778286816577
2019-04-01,1000,19.09042363830544
2019-05-01,100,10.358256541560529
2019-05-01,200,19.579188295577683
2019-05-01,300,23.177674886077952
2019-05-01,400,25.00271007605447
2019-05-01,500,28.393242704332845
2019-05-01,600,33.06058609553057
2019-05-01,700,38.39834577960166
2019-05-01,800,40.987603771458566
2019-05-01,900,55.6029899330882
2019-05-01,1000,55.565681737273046
2019-06-01,100,16.480941853053107
2019-06-01,200,37.469764722402125
2019-06-01,300,46.773281241449716
2019-06-01,400,51.67526688219794
2019-06-01,500,56.357000531726186
2019-06-01,600,57.53717483658719
2019-06-01,700,60.043888892231806
2019-06-01,800,66.50883387801596
2019-06-01,900,73.75260714931582
2019-06-01,1000,82.10181559273765
2019-07-01,100,12.438182809293446
2019-07-01,200,25.921387517925577
2019-07-01,300,31.882544124452906
2019-07-01,400,36.75154983542384
2019-07-01,500,42.06886691593704
2019-07-01,600,48.18001614176403
2019-07-01,700,56.433927464631765
2019-07-01,800,66.93274732980215
2019-07-01,900,80.08987883537284
2019-07-01,1000,69.80882876468495
2019-08-01,100,9.268344913298291
2019-08-01,200,21.015465103725845
2019-08-01,300,30.363287233461367
2019-08-01,400,39.39461119123339
2019-08-01,500,48.68353433305313
2019-08-01,600,56.788015817408386
2019-08-01,700,60.52278238787814
2019-08-01,800,65.45356422874157
2019-08-01,900,80.89185604918926
2019-08-01,1000,71.45781416874334
2019-09-01,100,3.852090449494157
2019-09-01,200,8.677242846810115
2019-09-01,300,13.911678595012244
2019-09-01,400,19.784645375978936
2019-09-01,500,30.066358897631947
2019-09-01,600,40.6277676346237
2019-09-01,700,48.39982308446801
2019-09-01,800,50.978701025506105
2019-09-01,900,64.35632045331245
2019-09-01,1000,61.74795300818797
2019-10-01,100,1.2545414471625584
2019-10-01,200,2.962281174396075
2019-10-01,300,5.035284279391411
2019-10-01,400,7.203139020896688
2019-10-01,500,11.976298625999267
2019-10-01,600,18.179188781347634
2019-10-01,700,26.545736275506762
2019-10-01,800,38.53470317919431
2019-10-01,900,53.048586412683115
2019-10-01,1000,55.0373798504806
2019-11-01,100,0.6047563877951535
2019-11-01,200,1.5622390528274002
2019-11-01,300,2.510141284963261
2019-11-01,400,3.4621673187579427
2019-11-01,500,5.376202038657636
2019-11-01,600,9.3346058381491
2019-11-01,700,14.27247098043697
2019-11-01,800,27.55741707674389
2019-11-01,900,49.42473928506843
2019-11-01,1000,20.986116055535778
2019-12-01,100,0.4311823228615978
2019-12-01,200,0.9090338853067041
2019-12-01,300,1.0710949033779542
2019-12-01,400,1.419789853155017
2019-12-01,500,2.0297645984059844
2019-12-01,600,2.5397772842052873
2019-12-01,700,1.8565570071187407
2019-12-01,800,3.5219062644779133
2019-12-01,900,5.778769063837484
2019-12-01,1000,7.465290138839444
2020-01-01,100,1.2821336200997382
2020-01-01,200,3.430615486848925
2020-01-01,300,4.559774052100091
2020-01-01,400,5.648209084491418
2020-01-01,500,6.241857955798997
2020-01-01,600,6.597715319598094
2020-01-01,700,6.870746354878098
2020-01-01,800,6.458610370259057
2020-01-01,900,10.037133039966244
2020-01-01,1000,0.0
2020-02-01,100,0.5089476451526826
2020-02-01,200,0.9459984763245198
2020-02-01,300,1.2191740121532353
2020-02-01,400,1.30523970820427
2020-02-01,500,1.6919606240419276
2020-02-01,600,1.7616657185175528
2020-02-01,700,1.476227727598219
2020-02-01,800,0.9331229730914179
2020-02-01,900,0.7165591657122192
2020-02-01,1000,6.801352794588823
2020-03-01,100,1.3337450442180612
2020-03-01,200,3.004557847714672
2020-03-01,300,3.8965368586931337
2020-03-01,400,4.337643449486052
2020-03-01,500,4.671217679301807
2020-03-01,600,4.2680052251674905
2020-03-01,700,3.597234340869287
2020-03-01,800,3.263438638668715
2020-03-01,900,0.6588100548556275
2020-03-01,1000,0.0
2020-04-01,100,4.51903578431905
2020-04-01,200,7.642926186893331
2020-04-01,300,8.451480695130533
2020-04-01,400,8.492414130476352
2020-04-01,500,9.152095365504723
2020-04-01,600,8.846940857033948
2020-04-01,700,8.906842539159099
2020-04-01,800,9.993538935426903
2020-04-01,900,15.704985231177293
2020-04-01,1000,10.234247063011749
2020-05-01,100,9.935482656172047
2020-05-01,200,20.412773885236536
2020-05-01,300,24.028259835821046
2020-05-01,400,25.94053504351505
2020-05-01,500,27.300184406872095
2020-05-01,600,28.021887674103784
2020-05-01,700,28.015392854778753
2020-05-01,800,31.236868136684016
2020-05-01,900,49.750015070227285
2020-05-01,1000,46.06301174795301
2020-06-01,100,18.302834167876707
2020-06-01,200,32.295415896002034
2020-06-01,300,36.507594502134744
2020-06-01,400,39.59510750961135
2020-06-01,500,44.08498696141648
2020-06-01,600,51.93271773326082
2020-06-01,700,59.66641192434746
2020-06-01,800,71.25532474362332
2020-06-01,900,83.04243775996143
2020-06-01,1000,84.81630473478107
2020-07-01,100,19.249865332255805
2020-07-01,200,38.39058707126498
2020-07-01,300,46.08331562266253
2020-07-01,400,50.205633794566495
2020-07-01,500,54.28319323690699
2020-07-01,600,59.08774708365002
2020-07-01,700,65.82857246014876
2020-07-01,800,75.08694889999113
2020-07-01,900,92.8086081138104
2020-07-01,1000,94.35777856888575
2020-08-01,100,12.926443145344699
2020-08-01,200,31.72850672196501
2020-08-01,300,41.406766993184156
2020-08-01,400,47.3192021411125
2020-08-01,500,52.464315714747045
2020-08-01,600,53.293360717738686
2020-08-01,700,52.1812481571298
2020-08-01,800,52.75386599551726
2020-08-01,900,63.365603713304
2020-08-01,1000,60.80455678177288
2020-09-01,100,3.999279833936884
2020-09-01,200,10.572067925718457
2020-09-01,300,15.855932980447266
2020-09-01,400,21.71255569301538
2020-09-01,500,28.82299556518483
2020-09-01,600,33.15742780868612
2020-09-01,700,37.40452578814657
2020-09-01,800,42.170955260884206
2020-09-01,900,55.92229790825247
2020-09-01,1000,66.35813456746175
2020-10-01,100,1.3996941329230927
2020-10-01,200,3.699413440683495
2020-10-01,300,5.279198619918248
2020-10-01,400,7.546913462111338
2020-10-01,500,9.634381558181635
2020-10-01,600,11.786760206117979
2020-10-01,700,12.15932326800294
2020-10-01,800,11.634186043599648
2020-10-01,900,14.529326662246072
2020-10-01,1000,1.0323958704165184
2020-11-01,100,0.402736702600127
2020-11-01,200,1.0754941681142676
2020-11-01,300,1.6474369043972552
2020-11-01,400,2.091539153300226
2020-11-01,500,3.036318537415969
2020-11-01,600,3.590551620068011
2020-11-01,700,5.691372659931028
2020-11-01,800,13.733431000588487
2020-11-01,900,22.979986738200015
2020-11-01,1000,30.21644713421146
2020-12-01,100,0.4760942615171525
2020-12-01,200,1.1839128554926517
2020-12-01,300,1.5582931081910554
2020-12-01,400,1.8034709087909193
2020-12-01,500,2.1770984766635095
2020-12-01,600,1.871888370961561
2020-12-01,700,2.312273966337904
2020-12-01,800,3.1835393110702035
2020-12-01,900,5.672011573934537
2020-12-01,1000,3.8447846208615166
2021-01-01,100,0.6755498478178414
2021-01-01,200,1.5263302888546701
2021-01-01,300,1.9283879923774871
2021-01-01,400,2.075796203843068
2021-01-01,500,2.867527562039379
2021-01-01,600,3.458628811654526
2021-01-01,700,3.798391512868491
2021-01-01,800,5.411116537069724
2021-01-01,900,13.764361926577859
2021-01-01,1000,26.820576717693132
2021-02-01,100,0.26439880401088756
2021-02-01,200,0.6077987754839527
2021-02-01,300,0.7169197219649783
2021-02-01,400,0.896704652972609
2021-02-01,500,0.9121627928024886
2021-02-01,600,0.9414664678298764
2021-02-01,700,0.9459625348264825
2021-02-01,800,0.8771270801247123
2021-02-01,900,0.7144493338959554
2021-02-01,1000,0.0
2021-03-01,100,1.0107925619395526
2021-03-01,200,1.9557533450152536
2021-03-01,300,2.365992168447406
2021-03-01,400,2.5065640375690985
2021-03-01,500,2.8663538066443413
2021-03-01,600,2.8607183718358082
2021-03-01,700,2.955903502807176
2021-03-01,800,2.9654408173997924
2021-03-01,900,4.577310265838811
2021-03-01,1000,3.2481310074759704
2021-04-01,100,3.511526861183341
2021-04-01,200,7.177625032884011
2021-04-01,300,8.674001846648833
2021-04-01,400,9.104891318676033
2021-04-01,500,10.170299887432744
2021-04-01,600,10.09553288725985
2021-04-01,700,9.97607428045322
2021-04-01,800,8.997107546673668
2021-04-01,900,11.193561998914948
2021-04-01,1000,5.956924172303311
2021-05-01,100,8.086809663446024
2021-05-01,200,18.52094648330601
2021-05-01,300,24.260369983645386
2021-05-01,400,28.25099766536117
2021-05-01,500,31.13925193598969
2021-05-01,600,31.09227666020086
2021-05-01,700,30.201761934276426
2021-05-01,800,31.22085321112401
2021-05-01,900,36.97474229911388
2021-05-01,1000,49.562121751513
2021-06-01,100,14.627237626892201
2021-06-01,200,30.898306824455794
2021-06-01,300,38.30297546402687
2021-06-01,400,42.56085294896006
2021-06-01,500,47.25745334675906
2021-06-01,600,52.53405291305649
2021-06-01,700,57.72473387451022
2021-06-01,800,62.91378986514398
2021-06-01,900,73.27494122611371
2021-06-01,1000,67.937344250623
2021-07-01,100,14.656706382097132
2021-07-01,200,34.74923524769498
2021-07-01,300,43.76013151151675
2021-07-01,400,49.638474585043454
2021-07-01,500,56.123093708106104
2021-07-01,600,62.55514743613334
2021-07-01,700,67.74045769371936
2021-07-01,800,72.10826039592787
2021-07-01,900,86.86454879739591
2021-07-01,1000,89.90993236027056
2021-08-01,100,5.481981804692642
2021-08-01,200,11.448626132302731
2021-08-01,300,14.72004367131979
2021-08-01,400,16.462196611599744
2021-08-01,500,18.927067365074947
2021-08-01,600,21.409007458914026
2021-08-01,700,26.123515925406597
2021-08-01,800,37.2478369207267
2021-08-01,900,57.85164868286215
2021-08-01,1000,37.52082591669634
2021-09-01,100,2.5929848794645247
2021-09-01,200,5.351147394570827
2021-09-01,300,8.092217989825933
2021-09-01,400,10.868620629386225
2021-09-01,500,15.37276845058652
2021-09-01,600,20.773077717397605
2021-09-01,700,28.80474602993116
2021-09-01,800,41.40538171618892
2021-09-01,900,56.91687262643922
2021-09-01,1000,37.64506941972232
2021-10-01,100,1.9132122519291228
2021-10-01,200,4.200496892584076
2021-10-01,300,5.902302482171652
2021-10-01,400,7.224852827882251
2021-10-01,500,10.324681247631432
2021-10-01,600,12.689361006617684
2021-10-01,700,16.008213935407746
2021-10-01,800,21.76637491704541
2021-10-01,900,41.84200373741639
2021-10-01,1000,13.527945888216449
2021-11-01,100,0.7634788055064967
2021-11-01,200,1.4385937478616628
2021-11-01,300,1.7393133566427692
2021-11-01,400,2.0389448327916226
2021-11-01,500,2.2197121612372532
2021-11-01,600,2.328813048221317
2021-11-01,700,3.08217846805591
2021-11-01,800,5.656737162390586
2021-11-01,900,7.301042859726327
2021-11-01,1000,9.78996084015664
2021-12-01,100,0.5830429918834354
2021-12-01,200,1.3342701285088525
2021-12-01,300,1.804587905233867
2021-12-01,400,1.9585369592663937
2021-12-01,500,2.348208679567638
2021-12-01,600,2.637646546055357
2021-12-01,700,2.9655104975899715
2021-12-01,800,3.0367754780060814
2021-12-01,900,5.6862378684670585
2021-12-01,1000,0.24350302598789608
2022-01-01,100,0.4319170693579554
2022-01-01,200,0.9371126501056437
2022-01-01,300,1.2324474206272047
2022-01-01,400,1.3290294012250548
2022-01-01,500,1.5772578528478634
2022-01-01,600,1.8149462089028152
2022-01-01,700,1.7556098470944301
2022-01-01,800,2.023678048658325
2022-01-01,900,2.169268792573393
2022-01-01,1000,1.9761480954076185
2022-02-01,100,0.6467917769218723
2022-02-01,200,1.4041754588894506
2022-02-01,300,1.6425981591800245
2022-02-01,400,1.9622556854964723
2022-02-01,500,2.2169700989348806
2022-02-01,600,2.3632124897213567
2022-02-01,700,2.2574181163911606
2022-02-01,800,1.1084482175725916
2022-02-01,900,0.2604135270359878
2022-02-01,1000,0.0
2022-03-01,100,1.250998401877164
2022-03-01,200,2.7335423022707674
2022-03-01,300,3.283807422560642
2022-03-01,400,3.893333046914521
2022-03-01,500,4.363108302268946
2022-03-01,600,5.424106469755766
2022-03-01,700,4.638361184491599
2022-03-01,800,3.7549804039417456
2022-03-01,900,2.363192476942553
2022-03-01,1000,0.0
2022-04-01,100,4.059697392499693
2022-04-01,200,9.047706858212855
2022-04-01,300,11.579202244979136
2022-04-01,400,13.86458114654164
2022-04-01,500,16.951978555630593
2022-04-01,600,19.111740535719118
2022-04-01,700,22.24364698732101
2022-04-01,800,33.750297384270525
2022-04-01,900,44.28133100247153
2022-04-01,1000,24.533997864008544
2022-05-01,100,8.890639862761414
2022-05-01,200,20.05239243920461
2022-05-01,300,24.64773934818649
2022-05-01,400,27.623492273037233
2022-05-01,500,29.9089802186866
2022-05-01,600,31.452590220929473
2022-05-01,700,30.544460558066156
2022-05-01,800,27.609869401349773
2022-05-01,900,37.691422026644176
2022-05-01,1000,44.736561053755786
2022-06-01,100,16.52821474849283
2022-06-01,200,36.659870614302264
2022-06-01,300,46.043342576055096
2022-06-01,400,52.59796551451526
2022-06-01,500,58.681444907033836
2022-06-01,600,62.058879427107165
2022-06-01,700,63.56200167287462
2022-06-01,800,68.4615904736861
2022-06-01,900,78.97667128820305
2022-06-01,1000,76.60377358490567
2022-07-01,100,20.016434474012108
2022-07-01,200,45.716193639594366
2022-07-01,300,58.44047934675182
2022-07-01,400,67.28966079866123
2022-07-01,500,73.50328863635178
2022-07-01,600,77.27200899073493
2022-07-01,700,78.21274092706119
2022-07-01,800,78.59921365338128
2022-07-01,900,89.8517089637712
2022-07-01,1000,99.24563901744393
2022-08-01,100,9.110050069028903
2022-08-01,200,21.15861076882852
2022-08-01,300,27.857652396485914
2022-08-01,400,33.94210465160633
2022-08-01,500,43.21063181980223
2022-08-01,600,52.357476715442836
2022-08-01,700,62.20096160210837
2022-08-01,800,67.44805479383432
2022-08-01,900,81.80294170836098
2022-08-01,1000,69.29156283374867
2022-09-01,100,3.44508981994147
2022-09-01,200,6.5809132016905965
2022-09-01,300,8.87370217496562
2022-09-01,400,12.359431465003619
2022-09-01,500,18.701672389313735
2022-09-01,600,28.36583267554183
2022-09-01,700,41.720963888771834
2022-09-01,800,54.63128106883029
2022-09-01,900,67.72023630116344
2022-09-01,1000,74.56674973300107
2022-10-01,100,1.656852633682438
2022-10-01,200,3.0445033887335313
2022-10-01,300,4.068514002330127
2022-10-01,400,4.85180312085944
2022-10-01,500,6.492393216542402
2022-10-01,600,8.989069466599647
2022-10-01,700,16.289786437679368
2022-10-01,800,29.16271615140926
2022-10-01,900,41.43679546687566
2022-10-01,1000,28.97258810964756
2022-11-01,100,0.5132833114149735
2022-11-01,200,0.7164916839047727
2022-11-01,300,0.8266979322227663
2022-11-01,400,0.8391144383439576
2022-11-01,500,1.1210120599831588
2022-11-01,600,1.1745058960516102
2022-11-01,700,1.5483779734145269
2022-11-01,800,3.6059752325857986
2022-11-01,900,10.89830610645609
2022-11-01,1000,21.082591669633324
2022-12-01,100,0.4860916978655109
2022-12-01,200,0.9628765027034706
2022-12-01,300,1.2747102972336957
2022-12-01,400,1.4051976241552995
2022-12-01,500,2.251946595543719
2022-12-01,600,2.6741872419250163
2022-12-01,700,3.455027951450521
2022-12-01,800,5.80214867961383
2022-12-01,900,16.718247031165234
2022-12-01,1000,19.453542185831257
2023-01-01,100,0.39800038749961036
2023-01-01,200,0.9109706664585444
2023-01-01,300,1.163012226405691
2023-01-01,400,1.257097899605648
2023-01-01,500,1.4800001979828585
2023-01-01,600,1.6502799468360858
2023-01-01,700,1.9713926381475584
2023-01-01,800,1.6433517398544986
2023-01-01,900,1.3786243896557966
2023-01-01,1000,0.2965468138127447
2023-02-01,100,1.8831527655503797
2023-02-01,200,4.586635601798782
2023-02-01,300,5.956571062206956
2023-02-01,400,6.763530119387998
2023-02-01,500,7.7207353082593855
2023-02-01,600,8.105573976537478
2023-02-01,700,7.610734680860012
2023-02-01,800,5.161714435971594
2023-02-01,900,5.646573030321298
2023-02-01,1000,0.0
2023-03-01,100,4.523934004844257
2023-03-01,200,11.571341822865842
2023-03-01,300,16.222018618596543
2023-03-01,400,18.927237069896087
2023-03-01,500,21.73684616167874
2023-03-01,600,23.7183452284872
2023-03-01,700,23.892791594706917
2023-03-01,800,25.093322314463478
2023-03-01,900,49.30019892699984
2023-03-01,1000,39.71199715201139
2023-04-01,100,4.375015005323187
2023-04-01,200,9.056059195250302
2023-04-01,300,10.397958806516638
2023-04-01,400,11.343074342302714
2023-04-01,500,12.300235316744418
2023-04-01,600,13.701022607338382
2023-04-01,700,15.357188848303934
2023-04-01,800,25.18385234714445
2023-04-01,900,33.65193803122552
2023-04-01,1000,43.04805980776077
2023-05-01,100,12.433096653244862
2023-05-01,200,28.024705998041593
2023-05-01,300,34.986973948609204
2023-05-01,400,37.8104562750645
2023-05-01,500,42.46350469219384
2023-05-01,600,44.17192878872184
2023-05-01,700,46.56915351333776
2023-05-01,800,45.71059188860917
2023-05-01,900,65.63566218578579
2023-05-01,1000,56.47668209327163
2023-06-01,100,12.561509749300617
2023-06-01,200,29.54916666709035
2023-06-01,300,38.216510658745854
2023-06-01,400,44.33472002390405
2023-06-01,500,50.248727253186786
2023-06-01,600,56.89083150355369
2023-06-01,700,61.681254174664836
2023-06-01,800,64.34976146651128
2023-06-01,900,82.2213514979806
2023-06-01,1000,87.23923104307583
2023-07-01,100,21.087419984281564
2023-07-01,200,46.05977942693581
2023-07-01,300,58.63973329504711
2023-07-01,400,68.47766762584595
2023-07-01,500,75.39887319482173
2023-07-01,600,80.161768600089
2023-07-01,700,83.09146653347842
2023-07-01,800,82.8171368468501
2023-07-01,900,92.61118813671712
2023-07-01,1000,98.43965824136703
